Trade number,Type,Date and time,Signal,Price USDT,Size (qty),Size (value),Net PnL USDT,Return %,Commission USDT,Favorable excursion USDT,Favorable excursion %,Adverse excursion USDT,Adverse excursion %,Cumulative PnL USDT,Cumulative PnL %,Duration (bars)
1,Exit long,2022-01-07 05:00,Trailing Stop,11.7561,86.296,999.911752,13.59,1.36,1.01,19.09,1.91,-5.68,-0.57,13.59,6.79,0
1,Entry long,2022-01-07 05:00,Long Entry,11.587,86.296,999.911752,13.59,1.36,1.01,19.09,1.91,-5.68,-0.57,13.59,6.79,0
2,Exit long,2022-01-07 17:00,Stop Loss,11.2824,86.948,999.988948,-20,-2.00,0.99,4.72,0.47,-19.51,-1.95,-6.41,-3.21,0
2,Entry long,2022-01-07 17:00,Long Entry,11.501,86.948,999.988948,-20,-2.00,0.99,4.72,0.47,-19.51,-1.95,-6.41,-3.21,0
3,Exit long,2022-01-08 05:00,Trailing Stop,11.6049,87.542,1000.079808,14.83,1.48,1.01,20.33,2.03,-3.21,-0.32,8.42,4.21,1
3,Entry long,2022-01-08 01:00,Long Entry,11.424,87.542,1000.079808,14.83,1.48,1.01,20.33,2.03,-3.21,-0.32,8.42,4.21,1
4,Exit long,2022-01-11 01:00,Trailing Stop,10.3891,98.222,1000.194626,19.23,1.92,1.01,24.74,2.47,-11.8,-1.18,27.65,13.82,1
4,Entry long,2022-01-10 21:00,Long Entry,10.183,98.222,1000.194626,19.23,1.92,1.01,24.74,2.47,-11.8,-1.18,27.65,13.82,1
5,Exit long,2022-01-21 09:00,Stop Loss,9.0879,107.944,999.993216,-20,-2.00,0.99,9.43,0.94,-19.51,-1.95,7.65,3.83,1
5,Entry long,2022-01-21 05:00,Long Entry,9.264,107.944,999.993216,-20,-2.00,0.99,9.43,0.94,-19.51,-1.95,7.65,3.83,1
6,Exit long,2022-01-23 21:00,Stop Loss,6.7149,146.07,999.84915,-19.99,-2.00,0.99,0.08,0.01,-19.5,-1.95,-12.34,-6.17,0
6,Entry long,2022-01-23 21:00,Long Entry,6.845,146.07,999.84915,-19.99,-2.00,0.99,0.08,0.01,-19.5,-1.95,-12.34,-6.17,0
7,Exit long,2022-01-24 13:00,Stop Loss,6.0429,162.179,999.02264,-19.98,-2.00,0.99,0,0.00,-19.49,-1.95,-32.32,-16.16,0
7,Entry long,2022-01-24 13:00,Long Entry,6.16,162.179,999.02264,-19.98,-2.00,0.99,0,0.00,-19.49,-1.95,-32.32,-16.16,0
8,Exit short,2022-02-06 17:00,Trailing Stop,8.6638,113.882,999.656196,12.01,1.20,0.99,17.49,1.75,-0.5,-0.05,-20.31,-10.16,0
8,Entry short,2022-02-06 17:00,Short Entry,8.778,113.882,999.656196,12.01,1.20,0.99,17.49,1.75,-0.5,-0.05,-20.31,-10.16,0
9,Exit long,2022-02-20 09:00,Trailing Stop,7.2821,138.888,999.715824,10.67,1.07,1.01,16.17,1.62,-0.5,-0.05,-9.64,-4.82,0
9,Entry long,2022-02-20 09:00,Long Entry,7.198,138.888,999.715824,10.67,1.07,1.01,16.17,1.62,-0.5,-0.05,-9.64,-4.82,0
10,Exit long,2022-02-20 17:00,Stop Loss,6.9641,140.864,999.993536,-19.99,-2.00,0.99,0,0.00,-19.5,-1.95,-29.63,-14.82,0
10,Entry long,2022-02-20 17:00,Long Entry,7.099,140.864,999.993536,-19.99,-2.00,0.99,0,0.00,-19.5,-1.95,-29.63,-14.82,0
11,Exit long,2022-02-21 01:00,Take Profit,7.5057,137.381,1000.13368,29.99,3.00,1.02,30.51,3.05,-0.91,-0.09,0.36,0.18,0
11,Entry long,2022-02-21 01:00,Long Entry,7.28,137.381,1000.13368,29.99,3.00,1.02,30.51,3.05,-0.91,-0.09,0.36,0.18,0
12,Exit long,2022-02-21 13:00,Trailing Stop,7.1745,140.745,1000.274715,8.5,0.85,1.01,14,1.40,-0.5,-0.05,8.86,4.43,0
12,Entry long,2022-02-21 13:00,Long Entry,7.107,140.745,1000.274715,8.5,0.85,1.01,14,1.40,-0.5,-0.05,8.86,4.43,0
13,Exit long,2022-02-22 05:00,Take Profit,6.4933,158.78,999.99644,29.99,3.00,1.02,30.51,3.05,-3.83,-0.38,38.85,19.43,0
13,Entry long,2022-02-22 05:00,Long Entry,6.298,158.78,999.99644,29.99,3.00,1.02,30.51,3.05,-3.83,-0.38,38.85,19.43,0
14,Exit long,2022-02-24 13:00,Stop Loss,6.2862,155.981,999.526248,-19.99,-2.00,0.99,0,0.00,-19.5,-1.95,18.86,9.43,0
14,Entry long,2022-02-24 13:00,Long Entry,6.408,155.981,999.526248,-19.99,-2.00,0.99,0,0.00,-19.5,-1.95,18.86,9.43,0
15,Exit long,2022-03-07 21:00,Take Profit,6.3314,162.813,999.834633,29.98,3.00,1.02,30.5,3.05,-8.48,-0.85,48.85,24.42,0
15,Entry long,2022-03-07 21:00,Long Entry,6.141,162.813,999.834633,29.98,3.00,1.02,30.5,3.05,-8.48,-0.85,48.85,24.42,0
16,Exit long,2022-03-09 01:00,Trailing Stop,6.4511,156.323,1000.154554,7.3,0.73,1,12.79,1.28,-10.82,-1.08,56.14,28.07,0
16,Entry long,2022-03-09 01:00,Long Entry,6.398,156.323,1000.154554,7.3,0.73,1,12.79,1.28,-10.82,-1.08,56.14,28.07,0
17,Exit long,2022-03-10 17:00,Trailing Stop,5.9853,167.926,999.99933,4.09,0.41,1,9.58,0.96,-0.5,-0.05,60.23,30.11,0
17,Entry long,2022-03-10 17:00,Long Entry,5.955,167.926,999.99933,4.09,0.41,1,9.58,0.96,-0.5,-0.05,60.23,30.11,0
18,Exit long,2022-03-11 05:00,Trailing Stop,6.0472,167.757,1000.167234,13.29,1.33,1.01,18.79,1.88,-10.23,-1.02,73.51,36.76,0
18,Entry long,2022-03-11 05:00,Long Entry,5.962,167.757,1000.167234,13.29,1.33,1.01,18.79,1.88,-10.23,-1.02,73.51,36.76,0
19,Exit long,2022-03-12 01:00,Trailing Stop,5.9108,170.91,1000.16532,9.04,0.90,1.01,14.54,1.45,-5.63,-0.56,82.56,41.28,0
19,Entry long,2022-03-12 01:00,Long Entry,5.852,170.91,1000.16532,9.04,0.90,1.01,14.54,1.45,-5.63,-0.56,82.56,41.28,0
20,Exit long,2022-03-14 05:00,Trailing Stop,5.5916,182.215,999.99592,17.87,1.79,1.01,23.37,2.34,-1.05,-0.10,100.43,50.21,1
20,Entry long,2022-03-14 01:00,Long Entry,5.488,182.215,999.99592,17.87,1.79,1.01,23.37,2.34,-1.05,-0.10,100.43,50.21,1
21,Exit short,2022-03-19 05:00,Stop Loss,6.4299,158.453,999.83843,-20.01,-2.00,1.01,1.08,0.11,-19.5,-1.95,80.42,40.21,0
21,Entry short,2022-03-19 05:00,Short Entry,6.31,158.453,999.83843,-20.01,-2.00,1.01,1.08,0.11,-19.5,-1.95,80.42,40.21,0
22,Exit short,2022-03-19 17:00,Trailing Stop,6.4037,152.555,1000.15058,22.25,2.22,0.99,27.72,2.77,-5.38,-0.54,102.66,51.33,0
22,Entry short,2022-03-19 17:00,Short Entry,6.556,152.555,1000.15058,22.25,2.22,0.99,27.72,2.77,-5.38,-0.54,102.66,51.33,0
23,Exit short,2022-03-20 05:00,Take Profit,6.3769,151.975,1000.147475,30.03,3.00,0.98,30.52,3.05,-5.97,-0.60,132.7,66.35,0
23,Entry short,2022-03-20 05:00,Short Entry,6.581,151.975,1000.147475,30.03,3.00,0.98,30.52,3.05,-5.97,-0.60,132.7,66.35,0
24,Exit short,2022-03-22 21:00,Stop Loss,6.6796,152.532,999.84726,-20.01,-2.00,1.01,5.91,0.59,-19.51,-1.95,112.68,56.34,1
24,Entry short,2022-03-22 17:00,Short Entry,6.555,152.532,999.84726,-20.01,-2.00,1.01,5.91,0.59,-19.51,-1.95,112.68,56.34,1
25,Exit short,2022-03-23 21:00,Stop Loss,6.9588,146.455,1000.141195,-20.02,-2.00,1.01,2.14,0.21,-19.51,-1.95,92.66,46.33,1
25,Entry short,2022-03-23 17:00,Short Entry,6.829,146.455,1000.141195,-20.02,-2.00,1.01,2.14,0.21,-19.51,-1.95,92.66,46.33,1
26,Exit short,2022-03-24 05:00,Stop Loss,7.1514,142.531,1000.282558,-20.02,-2.00,1.01,7.77,0.78,-19.51,-1.95,72.64,36.32,0
26,Entry short,2022-03-24 05:00,Short Entry,7.018,142.531,1000.282558,-20.02,-2.00,1.01,7.77,0.78,-19.51,-1.95,72.64,36.32,0
27,Exit short,2022-03-24 13:00,Trailing Stop,7.0715,140.607,999.996984,4.7,0.47,1,10.19,1.02,-0.5,-0.05,77.34,38.67,0
27,Entry short,2022-03-24 13:00,Short Entry,7.112,140.607,999.996984,4.7,0.47,1,10.19,1.02,-0.5,-0.05,77.34,38.67,0
28,Exit short,2022-03-25 05:00,Trailing Stop,6.9944,141.143,1000.280441,12.08,1.21,0.99,17.57,1.76,-0.5,-0.05,89.41,44.71,0
28,Entry short,2022-03-25 05:00,Short Entry,7.087,141.143,1000.280441,12.08,1.21,0.99,17.57,1.76,-0.5,-0.05,89.41,44.71,0
29,Exit short,2022-03-25 13:00,Take Profit,6.8072,142.348,999.9947,30.02,3.00,0.98,30.5,3.05,-8.04,-0.80,119.43,59.72,0
29,Entry short,2022-03-25 13:00,Short Entry,7.025,142.348,999.9947,30.02,3.00,0.98,30.5,3.05,-8.04,-0.80,119.43,59.72,0
30,Exit short,2022-03-31 13:00,Take Profit,7.5097,129.015,999.86625,30.02,3.00,0.98,30.5,3.05,-3.34,-0.33,149.45,74.72,0
30,Entry short,2022-03-31 13:00,Short Entry,7.75,129.015,999.86625,30.02,3.00,0.98,30.5,3.05,-3.34,-0.33,149.45,74.72,0
31,Exit short,2022-04-01 21:00,Trailing Stop,8.3421,118.666,999.998382,9.08,0.91,0.99,14.57,1.46,-0.5,-0.05,158.53,79.26,0
31,Entry short,2022-04-01 21:00,Short Entry,8.427,118.666,999.998382,9.08,0.91,0.99,14.57,1.46,-0.5,-0.05,158.53,79.26,0
32,Exit long,2022-04-09 01:00,Trailing Stop,6.6501,151.952,1000.148064,9.34,0.93,1.01,14.85,1.48,-2.02,-0.20,167.87,83.94,0
32,Entry long,2022-04-09 01:00,Long Entry,6.582,151.952,1000.148064,9.34,0.93,1.01,14.85,1.48,-2.02,-0.20,167.87,83.94,0
33,Exit long,2022-04-11 05:00,Stop Loss,6.3666,154.059,999.84291,-20,-2.00,0.99,1.5,0.15,-19.51,-1.95,147.87,73.94,0
33,Entry long,2022-04-11 05:00,Long Entry,6.49,154.059,999.84291,-20,-2.00,0.99,1.5,0.15,-19.51,-1.95,147.87,73.94,0
34,Exit long,2022-04-11 17:00,Trailing Stop,6.1873,162.443,999.999108,4.08,0.41,1,9.57,0.96,-0.5,-0.05,151.95,75.98,0
34,Entry long,2022-04-11 17:00,Long Entry,6.156,162.443,999.999108,4.08,0.41,1,9.57,0.96,-0.5,-0.05,151.95,75.98,0
35,Exit long,2022-04-12 01:00,Take Profit,6.416,160.694,999.998762,30,3.00,1.02,30.51,3.05,-6.93,-0.69,181.95,90.98,0
35,Entry long,2022-04-12 01:00,Long Entry,6.223,160.694,999.998762,30,3.00,1.02,30.51,3.05,-6.93,-0.69,181.95,90.98,0
36,Exit long,2022-04-27 05:00,Take Profit,6.0087,171.585,999.99738,29.99,3.00,1.02,30.51,3.05,-3.42,-0.34,211.94,105.97,1
36,Entry long,2022-04-27 01:00,Long Entry,5.828,171.585,999.99738,29.99,3.00,1.02,30.51,3.05,-3.42,-0.34,211.94,105.97,1
37,Exit long,2022-05-01 01:00,Trailing Stop,5.0811,200.642,999.999728,18.47,1.85,1.01,23.98,2.40,-6.92,-0.69,230.41,115.21,0
37,Entry long,2022-05-01 01:00,Long Entry,4.984,200.642,999.999728,18.47,1.85,1.01,23.98,2.40,-6.92,-0.69,230.41,115.21,0
38,Exit long,2022-05-02 13:00,Stop Loss,4.8716,201.409,1000.197094,-20,-2.00,0.99,3.73,0.37,-19.51,-1.95,210.41,105.21,0
38,Entry long,2022-05-02 13:00,Long Entry,4.966,201.409,1000.197094,-20,-2.00,0.99,3.73,0.37,-19.51,-1.95,210.41,105.21,0
39,Exit long,2022-05-03 01:00,Trailing Stop,5.0094,202.634,999.99879,14.07,1.41,1.01,19.56,1.96,-13.47,-1.35,224.48,112.24,1
39,Entry long,2022-05-02 21:00,Long Entry,4.935,202.634,999.99879,14.07,1.41,1.01,19.56,1.96,-13.47,-1.35,224.48,112.24,1
40,Exit long,2022-05-03 21:00,Trailing Stop,5.0385,203.5,1000.2025,24.12,2.41,1.01,29.62,2.96,-2.94,-0.29,248.6,124.30,0
40,Entry long,2022-05-03 21:00,Long Entry,4.915,203.5,1000.2025,24.12,2.41,1.01,29.62,2.96,-2.94,-0.29,248.6,124.30,0
41,Exit long,2022-05-05 17:00,Trailing Stop,4.8859,206.91,999.99603,9.94,0.99,1.01,15.43,1.54,-11.47,-1.15,258.54,129.27,0
41,Entry long,2022-05-05 17:00,Long Entry,4.833,206.91,999.99603,9.94,0.99,1.01,15.43,1.54,-11.47,-1.15,258.54,129.27,0
42,Exit long,2022-05-06 13:00,Trailing Stop,4.9724,202.839,999.99627,7.6,0.76,1,13.09,1.31,-0.5,-0.05,266.13,133.07,0
42,Entry long,2022-05-06 13:00,Long Entry,4.93,202.839,999.99627,7.6,0.76,1,13.09,1.31,-0.5,-0.05,266.13,133.07,0
43,Exit long,2022-05-08 09:00,Trailing Stop,4.5905,221.483,999.995745,15.71,1.57,1.01,21.21,2.12,-2.27,-0.23,281.85,140.92,1
43,Entry long,2022-05-08 05:00,Long Entry,4.515,221.483,999.995745,15.71,1.57,1.01,21.21,2.12,-2.27,-0.23,281.85,140.92,1
44,Exit long,2022-06-13 13:00,Take Profit,2.1167,487.092,999.999876,30.01,3.00,1.02,30.53,3.05,-12.19,-1.22,311.86,155.93,0
44,Entry long,2022-06-13 13:00,Long Entry,2.053,487.092,999.999876,30.01,3.00,1.02,30.53,3.05,-12.19,-1.22,311.86,155.93,0
45,Exit long,2022-06-15 09:00,Take Profit,2.0033,514.933,1000.514819,30.03,3.00,1.02,30.55,3.05,-7.71,-0.77,341.89,170.95,0
45,Entry long,2022-06-15 09:00,Long Entry,1.943,514.933,1000.514819,30.03,3.00,1.02,30.55,3.05,-7.71,-0.77,341.89,170.95,0
46,Exit long,2022-06-18 09:00,Trailing Stop,1.9524,520.291,1000.519593,14.29,1.43,1.01,19.79,1.98,-7.26,-0.73,356.18,178.09,0
46,Entry long,2022-06-18 09:00,Long Entry,1.923,520.291,1000.519593,14.29,1.43,1.01,19.79,1.98,-7.26,-0.73,356.18,178.09,0
47,Exit long,2022-07-01 17:00,Trailing Stop,2.2897,442.477,1000.440497,11.69,1.17,1.01,17.2,1.72,-0.5,-0.05,367.88,183.94,0
47,Entry long,2022-07-01 17:00,Long Entry,2.261,442.477,1000.440497,11.69,1.17,1.01,17.2,1.72,-0.5,-0.05,367.88,183.94,0
48,Exit long,2022-07-02 05:00,Trailing Stop,2.1902,459.347,999.539072,5.52,0.55,1,10.98,1.10,-0.5,-0.05,373.4,186.70,0
48,Entry long,2022-07-02 05:00,Long Entry,2.176,459.347,999.539072,5.52,0.55,1,10.98,1.10,-0.5,-0.05,373.4,186.70,0
49,Exit long,2022-07-13 05:00,Trailing Stop,2.0818,489.715,999.99803,18.48,1.85,1.01,23.99,2.40,-5.89,-0.59,391.88,195.94,1
49,Entry long,2022-07-13 01:00,Long Entry,2.042,489.715,999.99803,18.48,1.85,1.01,23.99,2.40,-5.89,-0.59,391.88,195.94,1
50,Exit short,2022-07-28 09:00,Stop Loss,2.8176,361.794,1000.36041,-20.04,-2.00,1.01,0,0.00,-19.53,-1.95,371.84,185.92,0
50,Entry short,2022-07-28 09:00,Short Entry,2.765,361.794,1000.36041,-20.04,-2.00,1.01,0,0.00,-19.53,-1.95,371.84,185.92,0
51,Exit short,2022-07-29 17:00,Stop Loss,2.9052,350.754,999.999654,-20.02,-2.00,1.01,6.16,0.62,-19.51,-1.95,351.82,175.91,0
51,Entry short,2022-07-29 17:00,Short Entry,2.851,350.754,999.999654,-20.02,-2.00,1.01,6.16,0.62,-19.51,-1.95,351.82,175.91,0
52,Exit short,2022-07-30 05:00,Trailing Stop,2.8283,347.826,1000.347576,15.6,1.56,0.99,21.07,2.10,-12.67,-1.27,367.41,183.71,0
52,Entry short,2022-07-30 05:00,Short Entry,2.876,347.826,1000.347576,15.6,1.56,0.99,21.07,2.10,-12.67,-1.27,367.41,183.71,0
53,Exit short,2022-07-30 21:00,Stop Loss,2.8848,353.232,999.999792,-20.01,-2.00,1.01,7.62,0.76,-19.5,-1.95,347.4,173.70,0
53,Entry short,2022-07-30 21:00,Short Entry,2.831,353.232,999.999792,-20.01,-2.00,1.01,7.62,0.76,-19.5,-1.95,347.4,173.70,0
54,Exit short,2022-07-31 13:00,Take Profit,2.9099,333.111,1000.332333,30.03,3.00,0.98,30.51,3.05,-16.16,-1.61,377.43,188.71,0
54,Entry short,2022-07-31 13:00,Short Entry,3.003,333.111,1000.332333,30.03,3.00,0.98,30.51,3.05,-16.16,-1.61,377.43,188.71,0
55,Exit long,2022-08-20 01:00,Trailing Stop,2.2331,455.166,999.999702,15.42,1.54,1.01,20.89,2.09,-4.14,-0.41,392.85,196.43,0
55,Entry long,2022-08-20 01:00,Long Entry,2.197,455.166,999.999702,15.42,1.54,1.01,20.89,2.09,-4.14,-0.41,392.85,196.43,0
56,Exit long,2022-08-20 21:00,Trailing Stop,2.1663,465.116,999.9994,6.58,0.66,1,12.06,1.21,-6.08,-0.61,399.43,199.72,0
56,Entry long,2022-08-20 21:00,Long Entry,2.15,465.116,999.9994,6.58,0.66,1,12.06,1.21,-6.08,-0.61,399.43,199.72,0
57,Exit long,2022-08-27 01:00,Stop Loss,2.0081,488.281,999.511207,-19.98,-2.00,0.99,5.85,0.58,-19.49,-1.95,379.45,189.72,0
57,Entry long,2022-08-27 01:00,Long Entry,2.047,488.281,999.511207,-19.98,-2.00,0.99,5.85,0.58,-19.49,-1.95,379.45,189.72,0
58,Exit long,2022-08-28 05:00,Trailing Stop,2.031,495.294,999.503292,5.44,0.54,1,10.89,1.09,-15.36,-1.54,384.88,192.44,3
58,Entry long,2022-08-27 17:00,Long Entry,2.018,495.294,999.503292,5.44,0.54,1,10.89,1.09,-15.36,-1.54,384.88,192.44,3
59,Exit long,2022-08-29 05:00,Trailing Stop,1.9882,506.072,1000.504344,4.66,0.47,1,10.13,1.01,-13.15,-1.31,389.55,194.77,1
59,Entry long,2022-08-29 01:00,Long Entry,1.977,506.072,1000.504344,4.66,0.47,1,10.13,1.01,-13.15,-1.31,389.55,194.77,1
60,Exit long,2022-09-07 09:00,Trailing Stop,1.9893,512.82,999.48618,19.66,1.97,1.01,25.14,2.51,-6.65,-0.67,409.2,204.60,1
60,Entry long,2022-09-07 05:00,Long Entry,1.949,512.82,999.48618,19.66,1.97,1.01,25.14,2.51,-6.65,-0.67,409.2,204.60,1
61,Exit short,2022-09-11 01:00,Trailing Stop,2.1659,455.373,999.999108,12.71,1.27,0.99,18.17,1.82,-16.44,-1.64,421.92,210.96,3
61,Entry short,2022-09-10 13:00,Short Entry,2.196,455.373,999.999108,12.71,1.27,0.99,18.17,1.82,-16.44,-1.64,421.92,210.96,3
62,Exit short,2022-09-12 13:00,Trailing Stop,2.1609,455.788,1000.45466,14.55,1.45,0.99,20.01,2.00,-2.78,-0.28,436.47,218.23,0
62,Entry short,2022-09-12 13:00,Short Entry,2.195,455.788,1000.45466,14.55,1.45,0.99,20.01,2.00,-2.78,-0.28,436.47,218.23,0
63,Exit long,2022-09-14 13:00,Stop Loss,1.9835,494.559,999.998298,-20.03,-2.00,0.99,0,0.00,-19.54,-1.95,416.44,208.22,0
63,Entry long,2022-09-14 13:00,Long Entry,2.022,494.559,999.998298,-20.03,-2.00,0.99,0,0.00,-19.54,-1.95,416.44,208.22,0
64,Exit long,2022-09-15 09:00,Stop Loss,1.9718,497.512,999.99912,-20,-2.00,0.99,0,0.00,-19.5,-1.95,396.44,198.22,1
64,Entry long,2022-09-15 05:00,Long Entry,2.01,497.512,999.99912,-20,-2.00,0.99,0,0.00,-19.5,-1.95,396.44,198.22,1
65,Exit long,2022-09-16 09:00,Trailing Stop,1.9972,507.614,999.99958,12.8,1.28,1.01,18.28,1.83,-13.7,-1.37,409.24,204.62,1
65,Entry long,2022-09-16 05:00,Long Entry,1.97,507.614,999.99958,12.8,1.28,1.01,18.28,1.83,-13.7,-1.37,409.24,204.62,1
66,Exit long,2022-09-21 09:00,Trailing Stop,1.7941,560.538,999.439254,5.22,0.52,1,10.71,1.07,-0.5,-0.05,414.46,207.23,0
66,Entry long,2022-09-21 09:00,Long Entry,1.783,560.538,999.439254,5.22,0.52,1,10.71,1.07,-0.5,-0.05,414.46,207.23,0
67,Exit long,2022-09-21 17:00,Stop Loss,1.7275,567.859,999.999699,-20.01,-2.00,0.99,3.48,0.35,-19.52,-1.95,394.45,197.22,0
67,Entry long,2022-09-21 17:00,Long Entry,1.761,567.859,999.999699,-20.01,-2.00,0.99,3.48,0.35,-19.52,-1.95,394.45,197.22,0
68,Exit long,2022-09-22 09:00,Trailing Stop,1.7724,578.703,1000.577487,24.1,2.41,1.01,29.59,2.96,-0.5,-0.05,418.55,209.27,2
68,Entry long,2022-09-22 01:00,Long Entry,1.729,578.703,1000.577487,24.1,2.41,1.01,29.59,2.96,-0.5,-0.05,418.55,209.27,2
69,Exit long,2022-09-28 13:00,Take Profit,1.6868,610.873,999.388228,30.02,3.00,1.01,30.53,3.05,-12.11,-1.21,448.57,224.28,2
69,Entry long,2022-09-28 05:00,Long Entry,1.636,610.873,999.388228,30.02,3.00,1.01,30.53,3.05,-12.11,-1.21,448.57,224.28,2
70,Exit long,2022-10-13 13:00,Trailing Stop,1.5385,666.666,999.999,24.65,2.46,1.01,30.17,3.02,-3.17,-0.32,473.22,236.61,0
70,Entry long,2022-10-13 13:00,Long Entry,1.5,666.666,999.999,24.65,2.46,1.01,30.17,3.02,-3.17,-0.32,473.22,236.61,0
71,Exit short,2022-10-29 05:00,Stop Loss,1.7069,597.014,999.99845,-20.05,-2.00,1.01,1.89,0.19,-19.54,-1.95,453.17,226.58,2
71,Entry short,2022-10-28 21:00,Short Entry,1.675,597.014,999.99845,-20.05,-2.00,1.01,1.89,0.19,-19.54,-1.95,453.17,226.58,2
72,Exit short,2022-11-05 05:00,Trailing Stop,1.8323,535.618,999.998806,17.6,1.76,0.99,23.07,2.31,-10.14,-1.01,470.76,235.38,0
72,Entry short,2022-11-05 05:00,Short Entry,1.867,535.618,999.998806,17.6,1.76,0.99,23.07,2.31,-10.14,-1.01,470.76,235.38,0
73,Exit short,2022-12-02 05:00,Stop Loss,1.3614,748.502,999.998672,-20.02,-2.00,1.01,1.75,0.17,-19.51,-1.95,450.74,225.37,0
73,Entry short,2022-12-02 05:00,Short Entry,1.336,748.502,999.998672,-20.02,-2.00,1.01,1.75,0.17,-19.51,-1.95,450.74,225.37,0
74,Exit short,2022-12-02 13:00,Trailing Stop,1.3428,733.675,1000.7327,14.56,1.45,0.99,20.04,2.00,-1.97,-0.20,465.3,232.65,0
74,Entry short,2022-12-02 13:00,Short Entry,1.364,733.675,1000.7327,14.56,1.45,0.99,20.04,2.00,-1.97,-0.20,465.3,232.65,0
75,Exit short,2022-12-05 09:00,Trailing Stop,1.3287,739.644,1000.738332,16.98,1.70,0.99,22.43,2.24,-12.33,-1.23,482.28,241.14,0
75,Entry short,2022-12-05 09:00,Short Entry,1.353,739.644,1000.738332,16.98,1.70,0.99,22.43,2.24,-12.33,-1.23,482.28,241.14,0
76,Exit short,2022-12-06 01:00,Trailing Stop,1.3498,734.214,999.265254,7.23,0.72,1,12.72,1.27,-0.5,-0.05,489.51,244.76,0
76,Entry short,2022-12-06 01:00,Short Entry,1.361,734.214,999.265254,7.23,0.72,1,12.72,1.27,-0.5,-0.05,489.51,244.76,0
77,Exit long,2022-12-12 21:00,Trailing Stop,1.2658,797.448,999.999792,8.41,0.84,1,13.85,1.38,-1.3,-0.13,497.92,248.96,1
77,Entry long,2022-12-12 17:00,Long Entry,1.254,797.448,999.999792,8.41,0.84,1,13.85,1.38,-1.3,-0.13,497.92,248.96,1
78,Exit long,2022-12-13 09:00,Take Profit,1.2692,812.347,999.999157,30.02,3.00,1.02,30.53,3.05,-7.81,-0.78,527.93,263.97,0
78,Entry long,2022-12-13 09:00,Long Entry,1.231,812.347,999.999157,30.02,3.00,1.02,30.53,3.05,-7.81,-0.78,527.93,263.97,0
79,Exit long,2022-12-20 05:00,Trailing Stop,1.1175,907.441,1000.907423,12.15,1.21,1.01,17.65,1.76,-5.04,-0.50,540.08,270.04,1
79,Entry long,2022-12-20 01:00,Long Entry,1.103,907.441,1000.907423,12.15,1.21,1.01,17.65,1.76,-5.04,-0.50,540.08,270.04,1
80,Exit long,2022-12-28 13:00,Trailing Stop,1.0668,947.867,999.999685,10.18,1.02,1.01,15.61,1.56,-2.4,-0.24,550.26,275.13,0
80,Entry long,2022-12-28 13:00,Long Entry,1.055,947.867,999.999685,10.18,1.02,1.01,15.61,1.56,-2.4,-0.24,550.26,275.13,0
81,Exit short,2023-01-05 05:00,Trailing Stop,1.1086,891.265,1000.890595,11.84,1.18,0.99,17.32,1.73,-0.5,-0.05,562.1,281.05,0
81,Entry short,2023-01-05 05:00,Short Entry,1.123,891.265,1000.890595,11.84,1.18,0.99,17.32,1.73,-0.5,-0.05,562.1,281.05,0
82,Exit short,2023-01-07 09:00,Trailing Stop,1.1347,876.424,999.999784,4.52,0.45,1,10.02,1.00,-1.38,-0.14,566.63,283.31,0
82,Entry short,2023-01-07 09:00,Short Entry,1.141,876.424,999.999784,4.52,0.45,1,10.02,1.00,-1.38,-0.14,566.63,283.31,0
83,Exit short,2023-01-09 17:00,Trailing Stop,1.2091,816.326,999.99935,11.99,1.20,0.99,17.46,1.75,-12.74,-1.27,578.61,289.31,0
83,Entry short,2023-01-09 17:00,Short Entry,1.225,816.326,999.99935,11.99,1.20,0.99,17.46,1.75,-12.74,-1.27,578.61,289.31,0
84,Exit short,2023-01-10 21:00,Trailing Stop,1.2212,803.858,999.999352,17.34,1.73,0.99,22.81,2.28,-9.34,-0.93,595.95,297.97,0
84,Entry short,2023-01-10 21:00,Short Entry,1.244,803.858,999.999352,17.34,1.73,0.99,22.81,2.28,-9.34,-0.93,595.95,297.97,0
85,Exit short,2023-01-12 05:00,Trailing Stop,1.2423,786.782,999.21314,20.81,2.08,0.99,26.25,2.63,-0.5,-0.05,616.75,308.38,0
85,Entry short,2023-01-12 05:00,Short Entry,1.27,786.782,999.21314,20.81,2.08,0.99,26.25,2.63,-0.5,-0.05,616.75,308.38,0
86,Exit short,2023-01-13 05:00,Trailing Stop,1.2935,767.459,999.999077,6.29,0.63,1,11.78,1.18,-0.5,-0.05,623.05,311.52,0
86,Entry short,2023-01-13 05:00,Short Entry,1.303,767.459,999.999077,6.29,0.63,1,11.78,1.18,-0.5,-0.05,623.05,311.52,0
87,Exit short,2023-01-15 21:00,Trailing Stop,1.4915,661.375,1000.660375,13.23,1.32,0.99,18.68,1.87,-18.36,-1.83,636.27,318.14,0
87,Entry short,2023-01-15 21:00,Short Entry,1.513,661.375,1000.660375,13.23,1.32,0.99,18.68,1.87,-18.36,-1.83,636.27,318.14,0
88,Exit short,2023-01-17 13:00,Trailing Stop,1.5197,643.086,999.99873,21.71,2.17,0.99,27.15,2.71,-5,-0.50,657.99,328.99,0
88,Entry short,2023-01-17 13:00,Short Entry,1.555,643.086,999.99873,21.71,2.17,0.99,27.15,2.71,-5,-0.50,657.99,328.99,0
89,Exit short,2023-01-22 21:00,Trailing Stop,1.5849,626.959,999.372646,4.71,0.47,1,10.16,1.02,-0.5,-0.05,662.7,331.35,0
89,Entry short,2023-01-22 21:00,Short Entry,1.594,626.959,999.372646,4.71,0.47,1,10.16,1.02,-0.5,-0.05,662.7,331.35,0
90,Exit short,2023-01-23 13:00,Trailing Stop,1.6222,604.96,1001.2088,18.85,1.88,0.99,24.3,2.43,-6.55,-0.65,681.55,340.77,0
90,Entry short,2023-01-23 13:00,Short Entry,1.655,604.96,1001.2088,18.85,1.88,0.99,24.3,2.43,-6.55,-0.65,681.55,340.77,0
91,Exit short,2023-01-27 09:00,Trailing Stop,1.6663,595.592,999.998968,6.57,0.66,1,12.01,1.20,-0.5,-0.05,688.11,344.06,0
91,Entry short,2023-01-27 09:00,Short Entry,1.679,595.592,999.998968,6.57,0.66,1,12.01,1.20,-0.5,-0.05,688.11,344.06,0
92,Exit short,2023-01-27 21:00,Stop Loss,1.7537,581.057,999.999097,-20.01,-2.00,1.01,8.22,0.82,-19.5,-1.95,668.1,334.05,0
92,Entry short,2023-01-27 21:00,Short Entry,1.721,581.057,999.999097,-20.01,-2.00,1.01,8.22,0.82,-19.5,-1.95,668.1,334.05,0
93,Exit short,2023-01-28 09:00,Take Profit,1.7093,566.572,999.433008,30.01,3.00,0.98,30.49,3.05,-1.07,-0.11,698.11,349.06,0
93,Entry short,2023-01-28 09:00,Short Entry,1.764,566.572,999.433008,30.01,3.00,0.98,30.49,3.05,-1.07,-0.11,698.11,349.06,0
94,Exit short,2023-02-08 05:00,Trailing Stop,2.0945,471.92,999.52656,10.1,1.01,0.99,15.55,1.55,-0.5,-0.05,708.21,354.10,0
94,Entry short,2023-02-08 05:00,Short Entry,2.118,471.92,999.52656,10.1,1.01,0.99,15.55,1.55,-0.5,-0.05,708.21,354.10,0
95,Exit short,2023-02-08 13:00,Take Profit,2.031,477.554,1000.953184,30.06,3.00,0.99,30.54,3.05,-2.41,-0.24,738.26,369.13,0
95,Entry short,2023-02-08 13:00,Short Entry,2.096,477.554,1000.953184,30.06,3.00,0.99,30.54,3.05,-2.41,-0.24,738.26,369.13,0
96,Exit long,2023-03-03 21:00,Take Profit,1.7435,591.366,999.999906,30.03,3.00,1.02,30.55,3.05,-0.5,-0.05,768.3,384.15,0
96,Entry long,2023-03-03 21:00,Long Entry,1.691,591.366,999.999906,30.03,3.00,1.02,30.55,3.05,-0.5,-0.05,768.3,384.15,0
97,Exit long,2023-03-06 09:00,Trailing Stop,1.648,620.732,1000.619984,21.33,2.13,1.01,26.81,2.68,-7.95,-0.79,789.63,394.81,0
97,Entry long,2023-03-06 09:00,Long Entry,1.612,620.732,1000.619984,21.33,2.13,1.01,26.81,2.68,-7.95,-0.79,789.63,394.81,0
98,Exit long,2023-03-07 13:00,Stop Loss,1.5666,626.174,999.999878,-20.03,-2.00,0.99,3.26,0.33,-19.54,-1.95,769.6,384.80,0
98,Entry long,2023-03-07 13:00,Long Entry,1.597,626.174,999.999878,-20.03,-2.00,0.99,3.26,0.33,-19.54,-1.95,769.6,384.80,0
99,Exit long,2023-03-08 01:00,Stop Loss,1.5431,636.132,1000.635636,-20.01,-2.00,0.99,5.22,0.52,-19.52,-1.95,749.59,374.80,1
99,Entry long,2023-03-07 21:00,Long Entry,1.573,636.132,1000.635636,-20.01,-2.00,0.99,5.22,0.52,-19.52,-1.95,749.59,374.80,1
100,Exit long,2023-03-08 09:00,Stop Loss,1.4842,660.501,999.338013,-20.01,-2.00,0.99,2.8,0.28,-19.52,-1.95,729.58,364.79,0
100,Entry long,2023-03-08 09:00,Long Entry,1.513,660.501,999.338013,-20.01,-2.00,0.99,2.8,0.28,-19.52,-1.95,729.58,364.79,0
101,Exit long,2023-03-09 09:00,Trailing Stop,1.4938,684.931,999.314329,22.82,2.28,1.01,28.27,2.83,-14.2,-1.42,752.4,376.20,2
101,Entry long,2023-03-09 01:00,Long Entry,1.459,684.931,999.314329,22.82,2.28,1.01,28.27,2.83,-14.2,-1.42,752.4,376.20,2
102,Exit long,2023-03-10 01:00,Trailing Stop,1.3633,741.839,1000.740811,9.6,0.96,1.01,15.08,1.51,-11.63,-1.16,762.01,381.00,0
102,Entry long,2023-03-10 01:00,Long Entry,1.349,741.839,1000.740811,9.6,0.96,1.01,15.08,1.51,-11.63,-1.16,762.01,381.00,0
103,Exit long,2023-03-10 13:00,Trailing Stop,1.3703,739.644,1000.738332,11.79,1.18,1.01,17.25,1.72,-14.55,-1.45,773.8,386.90,0
103,Entry long,2023-03-10 13:00,Long Entry,1.353,739.644,1000.738332,11.79,1.18,1.01,17.25,1.72,-14.55,-1.45,773.8,386.90,0
104,Exit short,2023-03-18 09:00,Take Profit,1.6715,579.374,999.42015,30.01,3.00,0.98,30.5,3.05,-1.66,-0.17,803.81,401.90,0
104,Entry short,2023-03-18 09:00,Short Entry,1.725,579.374,999.42015,30.01,3.00,0.98,30.5,3.05,-1.66,-0.17,803.81,401.90,0
105,Exit short,2023-04-05 09:00,Trailing Stop,1.5801,616.522,999.998684,24.85,2.48,0.99,30.33,3.03,-11.6,-1.16,828.65,414.33,1
105,Entry short,2023-04-05 05:00,Short Entry,1.622,616.522,999.998684,24.85,2.48,0.99,30.33,3.03,-11.6,-1.16,828.65,414.33,1
106,Exit short,2023-04-07 21:00,Trailing Stop,1.6232,608.642,999.998806,11.06,1.11,0.99,16.54,1.65,-6.59,-0.66,839.71,419.85,1
106,Entry short,2023-04-07 17:00,Short Entry,1.643,608.642,999.998806,11.06,1.11,0.99,16.54,1.65,-6.59,-0.66,839.71,419.85,1
107,Exit short,2023-04-09 05:00,Trailing Stop,1.6744,591.715,999.99835,8.24,0.82,1,13.7,1.37,-4.05,-0.40,847.95,423.97,0
107,Entry short,2023-04-09 05:00,Short Entry,1.69,591.715,999.99835,8.24,0.82,1,13.7,1.37,-4.05,-0.40,847.95,423.97,0
108,Exit short,2023-04-09 21:00,Trailing Stop,1.6995,584.112,1000.583856,6.89,0.69,1,12.35,1.23,-7.51,-0.75,854.83,427.42,0
108,Entry short,2023-04-09 21:00,Short Entry,1.713,584.112,1000.583856,6.89,0.69,1,12.35,1.23,-7.51,-0.75,854.83,427.42,0
109,Exit short,2023-04-10 05:00,Stop Loss,1.7446,584.453,1000.583536,-20.06,-2.00,1.01,2.42,0.24,-19.55,-1.95,834.77,417.39,0
109,Entry short,2023-04-10 05:00,Short Entry,1.712,584.453,1000.583536,-20.06,-2.00,1.01,2.42,0.24,-19.55,-1.95,834.77,417.39,0
110,Exit short,2023-04-14 09:00,Take Profit,1.6909,573.394,1000.57253,30.04,3.00,0.99,30.52,3.05,-6.23,-0.62,864.81,432.40,1
110,Entry short,2023-04-14 05:00,Short Entry,1.745,573.394,1000.57253,30.04,3.00,0.99,30.52,3.05,-6.23,-0.62,864.81,432.40,1
111,Exit short,2023-04-16 21:00,Trailing Stop,1.7519,560.224,999.99984,17.55,1.75,0.99,23.03,2.30,-13.39,-1.34,882.36,441.18,1
111,Entry short,2023-04-16 17:00,Short Entry,1.785,560.224,999.99984,17.55,1.75,0.99,23.03,2.30,-13.39,-1.34,882.36,441.18,1
112,Exit short,2023-04-17 01:00,Trailing Stop,1.7538,564.015,999.43458,9.27,0.93,0.99,14.73,1.47,-2.76,-0.28,891.63,445.81,0
112,Entry short,2023-04-17 01:00,Short Entry,1.772,564.015,999.43458,9.27,0.93,0.99,14.73,1.47,-2.76,-0.28,891.63,445.81,0
113,Exit short,2023-04-19 01:00,Trailing Stop,1.8191,544.959,999.454806,7.12,0.71,1,12.58,1.26,-17.39,-1.74,898.75,449.38,2
113,Entry short,2023-04-18 17:00,Short Entry,1.834,544.959,999.454806,7.12,0.71,1,12.58,1.26,-17.39,-1.74,898.75,449.38,2
114,Exit long,2023-04-23 21:00,Trailing Stop,1.5126,671.14,1000.66974,13.49,1.35,1.01,18.96,1.89,-13.25,-1.32,912.24,456.12,0
114,Entry long,2023-04-23 21:00,Long Entry,1.491,671.14,1000.66974,13.49,1.35,1.01,18.96,1.89,-13.25,-1.32,912.24,456.12,0
115,Exit long,2023-05-08 21:00,Trailing Stop,1.3056,771.604,999.998784,6.4,0.64,1,11.85,1.18,-4.36,-0.44,918.65,459.32,0
115,Entry long,2023-05-08 21:00,Long Entry,1.296,771.604,999.998784,6.4,0.64,1,11.85,1.18,-4.36,-0.44,918.65,459.32,0
116,Exit long,2023-05-12 05:00,Trailing Stop,1.2379,814.332,1000.814028,6.24,0.62,1,11.71,1.17,-5.39,-0.54,924.89,462.44,0
116,Entry long,2023-05-12 05:00,Long Entry,1.229,814.332,1000.814028,6.24,0.62,1,11.71,1.17,-5.39,-0.54,924.89,462.44,0
117,Exit long,2023-06-06 13:00,Take Profit,1.1847,871.08,1000.87092,30.08,3.00,1.02,30.6,3.06,-5.73,-0.57,954.97,477.49,0
117,Entry long,2023-06-06 13:00,Long Entry,1.149,871.08,1000.87092,30.08,3.00,1.02,30.6,3.06,-5.73,-0.57,954.97,477.49,0
118,Exit long,2023-06-08 13:00,Trailing Stop,1.1156,914.913,1000.914822,18.75,1.87,1.01,24.2,2.42,-12.39,-1.24,973.72,486.86,2
118,Entry long,2023-06-08 05:00,Long Entry,1.094,914.913,1000.914822,18.75,1.87,1.01,24.2,2.42,-12.39,-1.24,973.72,486.86,2
119,Exit long,2023-06-10 17:00,Trailing Stop,0.8757,1152.073,999.999364,7.87,0.79,1,13.32,1.33,-12.02,-1.20,981.59,490.79,0
119,Entry long,2023-06-10 17:00,Long Entry,0.868,1152.073,999.999364,7.87,0.79,1,13.32,1.33,-12.02,-1.20,981.59,490.79,0
120,Exit long,2023-06-12 05:00,Trailing Stop,0.8678,1182.033,1001.181951,23.57,2.35,1.01,29.05,2.90,-4.05,-0.40,1005.16,502.58,0
120,Entry long,2023-06-12 05:00,Long Entry,0.847,1182.033,1001.181951,23.57,2.35,1.01,29.05,2.90,-4.05,-0.40,1005.16,502.58,0
121,Exit short,2023-06-24 09:00,Trailing Stop,1.0051,973.709,1000.972852,21.31,2.13,0.99,26.76,2.67,-18.03,-1.80,1026.47,513.23,3
121,Entry short,2023-06-23 21:00,Short Entry,1.028,973.709,1000.972852,21.31,2.13,0.99,26.76,2.67,-18.03,-1.80,1026.47,513.23,3
122,Exit short,2023-06-25 13:00,Trailing Stop,1.0553,941.619,999.999378,5.31,0.53,1,10.8,1.08,-0.5,-0.05,1031.78,515.89,0
122,Entry short,2023-06-25 13:00,Short Entry,1.062,941.619,999.999378,5.31,0.53,1,10.8,1.08,-0.5,-0.05,1031.78,515.89,0
123,Exit short,2023-07-02 01:00,Trailing Stop,1.0724,911.577,999.999969,21.44,2.14,0.99,26.85,2.68,-10.53,-1.05,1053.22,526.61,0
123,Entry short,2023-07-02 01:00,Short Entry,1.097,911.577,999.999969,21.44,2.14,0.99,26.85,2.68,-10.53,-1.05,1053.22,526.61,0
124,Exit long,2023-07-25 09:00,Stop Loss,0.9358,1048.218,999.999972,-20.07,-2.01,0.99,2.64,0.26,-19.58,-1.96,1033.15,516.57,0
124,Entry long,2023-07-25 09:00,Long Entry,0.954,1048.218,999.999972,-20.07,-2.01,0.99,2.64,0.26,-19.58,-1.96,1033.15,516.57,0
125,Exit long,2023-07-26 01:00,Trailing Stop,0.9553,1063.829,999.99926,15.27,1.53,1.01,20.78,2.08,-15.39,-1.54,1048.42,524.21,1
125,Entry long,2023-07-25 21:00,Long Entry,0.94,1063.829,999.99926,15.27,1.53,1.01,20.78,2.08,-15.39,-1.54,1048.42,524.21,1
126,Exit long,2023-07-28 09:00,Trailing Stop,0.9583,1053.74,1001.053,7.74,0.77,1.01,13.2,1.32,-13.15,-1.31,1056.16,528.08,3
126,Entry long,2023-07-27 21:00,Long Entry,0.95,1053.74,1001.053,7.74,0.77,1.01,13.2,1.32,-13.15,-1.31,1056.16,528.08,3
127,Exit long,2023-07-31 01:00,Trailing Stop,0.9533,1059.322,998.940646,9.91,0.99,1,15.39,1.54,-6.86,-0.69,1066.07,533.03,1
127,Entry long,2023-07-30 21:00,Long Entry,0.943,1059.322,998.940646,9.91,0.99,1,15.39,1.54,-6.86,-0.69,1066.07,533.03,1
128,Exit long,2023-08-01 09:00,Trailing Stop,0.9275,1089.324,999.999432,9.34,0.93,1.01,14.75,1.47,-1.59,-0.16,1075.41,537.70,1
128,Entry long,2023-08-01 05:00,Long Entry,0.918,1089.324,999.999432,9.34,0.93,1.01,14.75,1.47,-1.59,-0.16,1075.41,537.70,1
129,Exit long,2023-08-05 09:00,Trailing Stop,0.9315,1089.324,999.999432,13.7,1.37,1.01,19.11,1.91,-4.86,-0.49,1089.11,544.55,0
129,Entry long,2023-08-05 09:00,Long Entry,0.918,1089.324,999.999432,13.7,1.37,1.01,19.11,1.91,-4.86,-0.49,1089.11,544.55,0
130,Exit long,2023-08-08 09:00,Trailing Stop,0.9265,1090.512,999.999504,9.35,0.94,1.01,14.77,1.48,-12.5,-1.25,1098.46,549.23,1
130,Entry long,2023-08-08 05:00,Long Entry,0.917,1090.512,999.999504,9.35,0.94,1.01,14.77,1.48,-12.5,-1.25,1098.46,549.23,1
131,Exit short,2023-08-14 17:00,Stop Loss,0.9763,1042.752,998.956416,-20.09,-2.01,1.01,5.76,0.58,-19.58,-1.96,1078.37,539.19,1
131,Entry short,2023-08-14 13:00,Short Entry,0.958,1042.752,998.956416,-20.09,-2.01,1.01,5.76,0.58,-19.58,-1.96,1078.37,539.19,1
132,Exit long,2023-08-17 17:00,Stop Loss,0.8171,1200.48,999.99984,-20.08,-2.01,0.99,0.7,0.07,-19.59,-1.96,1058.29,529.15,0
132,Entry long,2023-08-17 17:00,Long Entry,0.833,1200.48,999.99984,-20.08,-2.01,0.99,0.7,0.07,-19.59,-1.96,1058.29,529.15,0
133,Exit short,2023-09-09 09:00,Trailing Stop,0.798,1233.045,999.999495,15.04,1.50,0.99,20.46,2.05,-4.2,-0.42,1073.33,536.67,1
133,Entry short,2023-09-09 05:00,Short Entry,0.811,1233.045,999.999495,15.04,1.50,0.99,20.46,2.05,-4.2,-0.42,1073.33,536.67,1
134,Exit long,2023-09-28 13:00,Trailing Stop,0.7264,1388.888,999.99936,7.88,0.79,1,13.39,1.34,-13,-1.30,1081.22,540.61,5
134,Entry long,2023-09-27 17:00,Long Entry,0.72,1388.888,999.99936,7.88,0.79,1,13.39,1.34,-13,-1.30,1081.22,540.61,5
135,Exit long,2023-10-10 13:00,Stop Loss,0.6719,1459.854,999.99999,-20.11,-2.01,0.99,5.34,0.53,-19.62,-1.96,1061.1,530.55,2
135,Entry long,2023-10-10 05:00,Long Entry,0.685,1459.854,999.99999,-20.11,-2.01,0.99,5.34,0.53,-19.62,-1.96,1061.1,530.55,2
136,Exit long,2023-10-10 13:00,Trailing Stop,0.6757,1490.312,999.999352,6,0.60,1,11.42,1.14,0,0.00,1067.1,533.55,0
136,Entry long,2023-10-10 13:00,Long Entry,0.671,1490.312,999.999352,6,0.60,1,11.42,1.14,0,0.00,1067.1,533.55,0
137,Exit long,2023-10-10 21:00,Stop Loss,0.6621,1483.679,1001.483325,-20.13,-2.01,0.99,3.95,0.39,-19.64,-1.96,1046.97,523.49,1
137,Entry long,2023-10-10 17:00,Long Entry,0.675,1483.679,1001.483325,-20.13,-2.01,0.99,3.95,0.39,-19.64,-1.96,1046.97,523.49,1
138,Exit long,2023-10-11 09:00,Stop Loss,0.6445,1519.756,998.479692,-19.99,-2.00,0.99,7.1,0.71,-19.5,-1.95,1026.98,513.49,0
138,Entry long,2023-10-11 09:00,Long Entry,0.657,1519.756,998.479692,-19.99,-2.00,0.99,7.1,0.71,-19.5,-1.95,1026.98,513.49,0
139,Exit long,2023-10-11 21:00,Trailing Stop,0.6468,1555.209,999.999387,4.91,0.49,1,10.39,1.04,-6.72,-0.67,1031.89,515.95,1
139,Entry long,2023-10-11 17:00,Long Entry,0.643,1555.209,999.999387,4.91,0.49,1,10.39,1.04,-6.72,-0.67,1031.89,515.95,1
140,Exit short,2023-10-23 09:00,Stop Loss,0.7561,1347.708,999.999336,-20.01,-2.00,1.01,7.59,0.76,-19.5,-1.95,1011.88,505.94,1
140,Entry short,2023-10-23 05:00,Short Entry,0.742,1347.708,999.999336,-20.01,-2.00,1.01,7.59,0.76,-19.5,-1.95,1011.88,505.94,1
141,Exit short,2023-10-24 01:00,Trailing Stop,0.7719,1275.51,998.72433,13.17,1.32,0.99,18.63,1.86,-17.08,-1.71,1025.05,512.52,0
141,Entry short,2023-10-24 01:00,Short Entry,0.783,1275.51,998.72433,13.17,1.32,0.99,18.63,1.86,-17.08,-1.71,1025.05,512.52,0
142,Exit short,2023-10-24 13:00,Trailing Stop,0.7658,1295.336,999.999392,7.04,0.70,1,12.45,1.24,-0.5,-0.05,1032.08,516.04,0
142,Entry short,2023-10-24 13:00,Short Entry,0.772,1295.336,999.999392,7.04,0.70,1,12.45,1.24,-0.5,-0.05,1032.08,516.04,0
143,Exit short,2023-10-25 17:00,Trailing Stop,0.798,1245.33,1001.24532,6.47,0.65,1,11.95,1.19,-5.48,-0.55,1038.56,519.28,0
143,Entry short,2023-10-25 17:00,Short Entry,0.804,1245.33,1001.24532,6.47,0.65,1,11.95,1.19,-5.48,-0.55,1038.56,519.28,0
144,Exit short,2023-10-26 09:00,Take Profit,0.8013,1209.189,999.999303,30.09,3.01,0.98,30.58,3.06,-13.8,-1.38,1068.65,534.32,0
144,Entry short,2023-10-26 09:00,Short Entry,0.827,1209.189,999.999303,30.09,3.01,0.98,30.58,3.06,-13.8,-1.38,1068.65,534.32,0
145,Exit short,2023-10-30 01:00,Trailing Stop,0.8874,1113.585,999.99933,10.81,1.08,0.99,16.2,1.62,-11.64,-1.16,1079.46,539.73,0
145,Entry short,2023-10-30 01:00,Short Entry,0.898,1113.585,999.99933,10.81,1.08,0.99,16.2,1.62,-11.64,-1.16,1079.46,539.73,0
146,Exit short,2023-10-30 13:00,Trailing Stop,0.8794,1118.568,998.881224,14.22,1.42,0.99,19.63,1.96,-16.16,-1.62,1093.68,546.84,0
146,Entry short,2023-10-30 13:00,Short Entry,0.893,1118.568,998.881224,14.22,1.42,0.99,19.63,1.96,-16.16,-1.62,1093.68,546.84,0
147,Exit short,2023-10-31 05:00,Trailing Stop,0.8885,1109.877,999.999177,12.88,1.29,0.99,18.37,1.84,-16.04,-1.60,1106.56,553.28,1
147,Entry short,2023-10-31 01:00,Short Entry,0.901,1109.877,999.999177,12.88,1.29,0.99,18.37,1.84,-16.04,-1.60,1106.56,553.28,1
148,Exit short,2023-11-02 09:00,Take Profit,0.8866,1092.896,999.99984,30.05,3.00,0.98,30.54,3.05,-2.69,-0.27,1136.61,568.31,0
148,Entry short,2023-11-02 09:00,Short Entry,0.915,1092.896,999.99984,30.05,3.00,0.98,30.54,3.05,-2.69,-0.27,1136.61,568.31,0
149,Exit short,2023-11-06 05:00,Stop Loss,0.9222,1106.194,1001.10557,-20.04,-2.00,1.01,6.14,0.61,-19.53,-1.95,1116.58,558.29,0
149,Entry short,2023-11-06 05:00,Short Entry,0.905,1106.194,1001.10557,-20.04,-2.00,1.01,6.14,0.61,-19.53,-1.95,1116.58,558.29,0
150,Exit short,2023-11-06 21:00,Trailing Stop,0.9347,1055.966,998.943836,10.94,1.09,0.99,16.4,1.64,-17.39,-1.74,1127.51,563.76,2
150,Entry short,2023-11-06 13:00,Short Entry,0.946,1055.966,998.943836,10.94,1.09,0.99,16.4,1.64,-17.39,-1.74,1127.51,563.76,2
151,Exit short,2023-11-07 09:00,Take Profit,0.9079,1068.376,1001.068312,30.1,3.01,0.99,30.59,3.05,-7.98,-0.80,1157.62,578.81,0
151,Entry short,2023-11-07 09:00,Short Entry,0.937,1068.376,1001.068312,30.1,3.01,0.99,30.59,3.05,-7.98,-0.80,1157.62,578.81,0
152,Exit short,2023-11-08 21:00,Stop Loss,0.9803,1039.501,999.999962,-20.03,-2.00,1.01,8.86,0.89,-19.52,-1.95,1137.59,568.79,0
152,Entry short,2023-11-08 21:00,Short Entry,0.962,1039.501,999.999962,-20.03,-2.00,1.01,8.86,0.89,-19.52,-1.95,1137.59,568.79,0
153,Exit short,2023-11-09 09:00,Stop Loss,0.9824,1036.269,998.963316,-20.08,-2.01,1.01,7.79,0.78,-19.57,-1.96,1117.51,558.76,1
153,Entry short,2023-11-09 05:00,Short Entry,0.964,1036.269,998.963316,-20.08,-2.01,1.01,7.79,0.78,-19.57,-1.96,1117.51,558.76,1
154,Exit short,2023-11-11 21:00,Take Profit,0.9312,1040.582,999.999302,30.02,3.00,0.98,30.51,3.05,-3.62,-0.36,1147.54,573.77,0
154,Entry short,2023-11-11 21:00,Short Entry,0.961,1040.582,999.999302,30.02,3.00,0.98,30.51,3.05,-3.62,-0.36,1147.54,573.77,0
155,Exit short,2023-11-12 13:00,Trailing Stop,0.9899,1002.004,999.999992,7.12,0.71,1,12.53,1.25,-12.52,-1.25,1154.66,577.33,0
155,Entry short,2023-11-12 13:00,Short Entry,0.998,1002.004,999.999992,7.12,0.71,1,12.53,1.25,-12.52,-1.25,1154.66,577.33,0
156,Exit short,2023-11-13 21:00,Take Profit,0.935,1035.196,998.96414,30.07,3.01,0.98,30.56,3.06,-3.61,-0.36,1184.73,592.36,0
156,Entry short,2023-11-13 21:00,Short Entry,0.965,1035.196,998.96414,30.07,3.01,0.98,30.56,3.06,-3.61,-0.36,1184.73,592.36,0
157,Exit short,2023-11-15 13:00,Trailing Stop,1.0523,939.849,999.999336,10,1.00,0.99,15.48,1.55,-12.72,-1.27,1194.73,597.36,0
157,Entry short,2023-11-15 13:00,Short Entry,1.064,939.849,999.999336,10,1.00,0.99,15.48,1.55,-12.72,-1.27,1194.73,597.36,0
158,Exit short,2023-11-15 21:00,Stop Loss,1.0883,936.329,999.999372,-20.02,-2.00,1.01,1.37,0.14,-19.51,-1.95,1174.71,587.36,0
158,Entry short,2023-11-15 21:00,Short Entry,1.068,936.329,999.999372,-20.02,-2.00,1.01,1.37,0.14,-19.51,-1.95,1174.71,587.36,0
159,Exit short,2023-11-16 05:00,Take Profit,1.0484,924.214,999.999548,30.07,3.01,0.98,30.55,3.05,-14.36,-1.44,1204.78,602.39,0
159,Entry short,2023-11-16 05:00,Short Entry,1.082,924.214,999.999548,30.07,3.01,0.98,30.55,3.05,-14.36,-1.44,1204.78,602.39,0
160,Exit short,2023-11-26 13:00,Take Profit,1.1802,821.018,999.999924,30.05,3.00,0.98,30.53,3.05,-7.07,-0.71,1234.83,617.42,0
160,Entry short,2023-11-26 13:00,Short Entry,1.218,821.018,999.999924,30.05,3.00,0.98,30.53,3.05,-7.07,-0.71,1234.83,617.42,0
161,Exit short,2023-12-08 21:00,Stop Loss,1.2891,789.889,999.209585,-20.05,-2.01,1.01,0,0.00,-19.54,-1.95,1214.79,607.39,0
161,Entry short,2023-12-08 21:00,Short Entry,1.265,789.889,999.209585,-20.05,-2.01,1.01,0,0.00,-19.54,-1.95,1214.79,607.39,0
162,Exit short,2023-12-09 13:00,Trailing Stop,1.2604,779.423,999.999709,16.62,1.66,0.99,22.1,2.21,-3.62,-0.36,1231.41,615.71,0
162,Entry short,2023-12-09 13:00,Short Entry,1.283,779.423,999.999709,16.62,1.66,0.99,22.1,2.21,-3.62,-0.36,1231.41,615.71,0
163,Exit long,2023-12-11 21:00,Trailing Stop,1.2001,847.457,999.99926,16.03,1.60,1.01,21.53,2.15,-2.19,-0.22,1247.44,623.72,0
163,Entry long,2023-12-11 21:00,Long Entry,1.18,847.457,999.99926,16.03,1.60,1.01,21.53,2.15,-2.19,-0.22,1247.44,623.72,0
164,Exit short,2023-12-13 01:00,Take Profit,1.2354,784.313,999.999075,30.07,3.01,0.98,30.56,3.05,-5.21,-0.52,1277.51,638.76,0
164,Entry short,2023-12-13 01:00,Short Entry,1.275,784.313,999.999075,30.07,3.01,0.98,30.56,3.05,-5.21,-0.52,1277.51,638.76,0
165,Exit long,2023-12-18 17:00,Trailing Stop,1.1354,887.311,999.999497,6.45,0.64,1,11.92,1.19,-7.6,-0.76,1283.96,641.98,1
165,Entry long,2023-12-18 13:00,Long Entry,1.127,887.311,999.999497,6.45,0.64,1,11.92,1.19,-7.6,-0.76,1283.96,641.98,1
166,Exit short,2023-12-23 17:00,Stop Loss,1.3686,744.047,999.255121,-20.06,-2.01,1.01,0.99,0.10,-19.55,-1.96,1263.9,631.95,1
166,Entry short,2023-12-23 13:00,Short Entry,1.343,744.047,999.255121,-20.06,-2.01,1.01,0.99,0.10,-19.55,-1.96,1263.9,631.95,1
167,Exit short,2023-12-25 21:00,Stop Loss,1.5907,640.614,999.998454,-20.04,-2.00,1.01,5.91,0.59,-19.53,-1.95,1243.87,621.93,1
167,Entry short,2023-12-25 17:00,Short Entry,1.561,640.614,999.998454,-20.04,-2.00,1.01,5.91,0.59,-19.53,-1.95,1243.87,621.93,1
168,Exit short,2023-12-26 13:00,Take Profit,1.5252,635.324,999.999976,30.02,3.00,0.98,30.5,3.05,-17.65,-1.76,1273.89,636.94,0
168,Entry short,2023-12-26 13:00,Short Entry,1.574,635.324,999.999976,30.02,3.00,0.98,30.5,3.05,-17.65,-1.76,1273.89,636.94,0
169,Exit long,2024-01-05 21:00,Stop Loss,1.2164,807.102,1000.80648,-20.04,-2.00,0.99,0,0.00,-19.55,-1.95,1253.85,626.92,0
169,Entry long,2024-01-05 21:00,Long Entry,1.24,807.102,1000.80648,-20.04,-2.00,0.99,0,0.00,-19.55,-1.95,1253.85,626.92,0
170,Exit long,2024-01-06 09:00,Trailing Stop,1.2161,836.82,1000.83672,15.81,1.58,1.01,21.26,2.12,-14.73,-1.47,1269.66,634.83,0
170,Entry long,2024-01-06 09:00,Long Entry,1.196,836.82,1000.83672,15.81,1.58,1.01,21.26,2.12,-14.73,-1.47,1269.66,634.83,0
171,Exit long,2024-01-19 09:00,Trailing Stop,1.1344,890.471,999.998933,9.15,0.91,1.01,14.64,1.46,-5.84,-0.58,1278.81,639.40,1
171,Entry long,2024-01-19 05:00,Long Entry,1.123,890.471,999.998933,9.15,0.91,1.01,14.64,1.46,-5.84,-0.58,1278.81,639.40,1
172,Exit long,2024-01-19 21:00,Trailing Stop,1.1324,888.888,999.999,5.57,0.56,1,11.06,1.11,-4.06,-0.41,1284.38,642.19,1
172,Entry long,2024-01-19 17:00,Long Entry,1.125,888.888,999.999,5.57,0.56,1,11.06,1.11,-4.06,-0.41,1284.38,642.19,1
173,Exit long,2024-01-23 01:00,Trailing Stop,1.1095,907.441,1000.907423,4.89,0.49,1,10.39,1.04,-0.5,-0.05,1289.27,644.64,0
173,Entry long,2024-01-23 01:00,Long Entry,1.103,907.441,1000.907423,4.89,0.49,1,10.39,1.04,-0.5,-0.05,1289.27,644.64,0
174,Exit long,2024-01-24 01:00,Trailing Stop,1.0658,949.667,1000.949018,10.2,1.02,1.01,15.64,1.56,-15.7,-1.57,1299.47,649.74,1
174,Entry long,2024-01-23 21:00,Long Entry,1.054,949.667,1000.949018,10.2,1.02,1.01,15.64,1.56,-15.7,-1.57,1299.47,649.74,1
175,Exit short,2024-02-08 01:00,Trailing Stop,1.1387,871.08,999.99984,7.11,0.71,1,12.57,1.26,-12.7,-1.27,1306.58,653.29,1
175,Entry short,2024-02-07 21:00,Short Entry,1.148,871.08,999.99984,7.11,0.71,1,12.57,1.26,-12.7,-1.27,1306.58,653.29,1
176,Exit short,2024-02-13 01:00,Stop Loss,1.233,825.763,999.17323,-20,-2.00,1.01,0.33,0.03,-19.49,-1.95,1286.58,643.29,0
176,Entry short,2024-02-13 01:00,Short Entry,1.21,825.763,999.17323,-20,-2.00,1.01,0.33,0.03,-19.49,-1.95,1286.58,643.29,0
177,Exit short,2024-02-13 09:00,Take Profit,1.1928,812.347,999.999157,30.05,3.00,0.98,30.53,3.05,-2.94,-0.29,1316.62,658.31,0
177,Entry short,2024-02-13 09:00,Short Entry,1.231,812.347,999.999157,30.05,3.00,0.98,30.53,3.05,-2.94,-0.29,1316.62,658.31,0
178,Exit short,2024-02-14 13:00,Trailing Stop,1.2613,786.163,999.213173,6.63,0.66,1,12.08,1.21,-8.36,-0.84,1323.26,661.63,0
178,Entry short,2024-02-14 13:00,Short Entry,1.271,786.163,999.213173,6.63,0.66,1,12.08,1.21,-8.36,-0.84,1323.26,661.63,0
179,Exit short,2024-02-15 13:00,Trailing Stop,1.2864,773.395,1000.77313,4.88,0.49,1,10.33,1.03,-15.19,-1.52,1328.14,664.07,2
179,Entry short,2024-02-15 05:00,Short Entry,1.294,773.395,1000.77313,4.88,0.49,1,10.33,1.03,-15.19,-1.52,1328.14,664.07,2
180,Exit short,2024-02-16 09:00,Stop Loss,1.3186,772.2,999.2268,-20,-2.00,1.01,7.22,0.72,-19.5,-1.95,1308.13,654.07,1
180,Entry short,2024-02-16 05:00,Short Entry,1.294,772.2,999.2268,-20,-2.00,1.01,7.22,0.72,-19.5,-1.95,1308.13,654.07,1
181,Exit short,2024-02-16 17:00,Stop Loss,1.3217,771.01,999.99997,-20.05,-2.00,1.01,4.13,0.41,-19.54,-1.95,1288.08,644.04,0
181,Entry short,2024-02-16 17:00,Short Entry,1.297,771.01,999.99997,-20.05,-2.00,1.01,4.13,0.41,-19.54,-1.95,1288.08,644.04,0
182,Exit short,2024-02-17 05:00,Trailing Stop,1.2985,759.301,999.999417,13.05,1.30,0.99,18.48,1.85,-13.41,-1.34,1301.13,650.57,1
182,Entry short,2024-02-17 01:00,Short Entry,1.317,759.301,999.999417,13.05,1.30,0.99,18.48,1.85,-13.41,-1.34,1301.13,650.57,1
183,Exit short,2024-02-18 05:00,Stop Loss,1.3482,756.429,1000.755567,-20.07,-2.00,1.01,3.28,0.33,-19.56,-1.95,1281.06,640.53,1
183,Entry short,2024-02-18 01:00,Short Entry,1.323,756.429,1000.755567,-20.07,-2.00,1.01,3.28,0.33,-19.56,-1.95,1281.06,640.53,1
184,Exit short,2024-02-18 21:00,Stop Loss,1.391,732.6,999.999,-20.06,-2.00,1.01,6.83,0.68,-19.55,-1.95,1261,630.50,2
184,Entry short,2024-02-18 13:00,Short Entry,1.365,732.6,999.999,-20.06,-2.00,1.01,6.83,0.68,-19.55,-1.95,1261,630.50,2
185,Exit short,2024-02-19 09:00,Trailing Stop,1.3699,723.589,1000.723587,8.48,0.85,1,13.97,1.40,-7.74,-0.77,1269.48,634.74,0
185,Entry short,2024-02-19 09:00,Short Entry,1.383,723.589,1000.723587,8.48,0.85,1,13.97,1.40,-7.74,-0.77,1269.48,634.74,0
186,Exit short,2024-02-20 01:00,Trailing Stop,1.3417,739.644,999.998688,6.62,0.66,1,12.07,1.21,-0.5,-0.05,1276.11,638.05,0
186,Entry short,2024-02-20 01:00,Short Entry,1.352,739.644,999.998688,6.62,0.66,1,12.07,1.21,-0.5,-0.05,1276.11,638.05,0
187,Exit short,2024-02-22 21:00,Stop Loss,1.4348,710.732,1000.710656,-20.06,-2.00,1.01,6.61,0.66,-19.55,-1.95,1256.05,628.02,0
187,Entry short,2024-02-22 21:00,Short Entry,1.408,710.732,1000.710656,-20.06,-2.00,1.01,6.61,0.66,-19.55,-1.95,1256.05,628.02,0
188,Exit short,2024-02-24 17:00,Trailing Stop,1.4583,682.128,999.999648,4.26,0.43,1,9.73,0.97,-7.32,-0.73,1260.3,630.15,1
188,Entry short,2024-02-24 13:00,Short Entry,1.466,682.128,999.999648,4.26,0.43,1,9.73,0.97,-7.32,-0.73,1260.3,630.15,1
189,Exit short,2024-02-28 05:00,Take Profit,1.8914,512.557,1000.511264,30.08,3.00,0.98,30.56,3.05,-5.11,-0.51,1290.38,645.19,0
189,Entry short,2024-02-28 05:00,Short Entry,1.952,512.557,1000.511264,30.08,3.00,0.98,30.56,3.05,-5.11,-0.51,1290.38,645.19,0
190,Exit short,2024-03-03 05:00,Stop Loss,2.0065,507.872,999.999968,-20.05,-2.00,1.01,8.64,0.86,-19.55,-1.95,1270.33,635.16,0
190,Entry short,2024-03-03 05:00,Short Entry,1.969,507.872,999.999968,-20.05,-2.00,1.01,8.64,0.86,-19.55,-1.95,1270.33,635.16,0
191,Exit short,2024-03-04 13:00,Take Profit,1.9874,487.329,999.511779,30.01,3.00,0.98,30.49,3.05,-13.66,-1.37,1300.34,650.17,0
191,Entry short,2024-03-04 13:00,Short Entry,2.051,487.329,999.511779,30.01,3.00,0.98,30.49,3.05,-13.66,-1.37,1300.34,650.17,0
192,Exit short,2024-03-10 21:00,Take Profit,2.2461,431.592,1000.430256,30.05,3.00,0.98,30.53,3.05,-2.66,-0.27,1330.38,665.19,0
192,Entry short,2024-03-10 21:00,Short Entry,2.318,431.592,1000.430256,30.05,3.00,0.98,30.53,3.05,-2.66,-0.27,1330.38,665.19,0
193,Exit short,2024-03-13 09:00,Trailing Stop,2.2545,432.9,999.999,23.04,2.30,0.99,28.5,2.85,-11.76,-1.17,1353.42,676.71,0
193,Entry short,2024-03-13 09:00,Short Entry,2.31,432.9,999.999,23.04,2.30,0.99,28.5,2.85,-11.76,-1.17,1353.42,676.71,0
194,Exit long,2024-03-20 05:00,Trailing Stop,1.7265,585.48,999.41436,10.41,1.04,1.01,15.89,1.59,-0.5,-0.05,1363.83,681.92,0
194,Entry long,2024-03-20 05:00,Long Entry,1.707,585.48,999.41436,10.41,1.04,1.01,15.89,1.59,-0.5,-0.05,1363.83,681.92,0
195,Exit short,2024-03-27 05:00,Trailing Stop,1.9759,500.751,999.999747,9.57,0.96,0.99,15.02,1.50,-11.52,-1.15,1373.4,686.70,1
195,Entry short,2024-03-27 01:00,Short Entry,1.997,500.751,999.999747,9.57,0.96,0.99,15.02,1.50,-11.52,-1.15,1373.4,686.70,1
196,Exit short,2024-04-01 05:00,Trailing Stop,1.8866,518.672,999.999616,20.48,2.05,0.99,25.95,2.59,-1.54,-0.15,1393.89,696.94,0
196,Entry short,2024-04-01 05:00,Short Entry,1.928,518.672,999.999616,20.48,2.05,0.99,25.95,2.59,-1.54,-0.15,1393.89,696.94,0
197,Exit long,2024-04-06 17:00,Trailing Stop,1.7743,570.125,999.429125,11.14,1.11,1.01,16.6,1.66,-17.6,-1.76,1405.02,702.51,7
197,Entry long,2024-04-05 13:00,Long Entry,1.753,570.125,999.429125,11.14,1.11,1.01,16.6,1.66,-17.6,-1.76,1405.02,702.51,7
198,Exit short,2024-04-24 13:00,Trailing Stop,1.3015,758.15,999.99985,12.27,1.23,0.99,17.7,1.77,-0.5,-0.05,1417.3,708.65,0
198,Entry short,2024-04-24 13:00,Short Entry,1.319,758.15,999.99985,12.27,1.23,0.99,17.7,1.77,-0.5,-0.05,1417.3,708.65,0
199,Exit long,2024-04-27 09:00,Trailing Stop,1.2628,802.568,1000.802296,11.67,1.17,1.01,17.16,1.71,-4.51,-0.45,1428.97,714.49,0
199,Entry long,2024-04-27 09:00,Long Entry,1.247,802.568,1000.802296,11.67,1.17,1.01,17.16,1.71,-4.51,-0.45,1428.97,714.49,0
200,Exit long,2024-05-01 13:00,Stop Loss,1.0977,895.255,1001.790345,-20.06,-2.00,0.99,0,0.00,-19.57,-1.95,1408.91,704.46,0
200,Entry long,2024-05-01 13:00,Long Entry,1.119,895.255,1001.790345,-20.06,-2.00,0.99,0,0.00,-19.57,-1.95,1408.91,704.46,0
201,Exit short,2024-05-22 09:00,Stop Loss,1.3013,783.085,999.999545,-20.04,-2.00,1.01,0,0.00,-19.53,-1.95,1388.87,694.44,0
201,Entry short,2024-05-22 09:00,Short Entry,1.277,783.085,999.999545,-20.04,-2.00,1.01,0,0.00,-19.53,-1.95,1388.87,694.44,0
202,Exit short,2024-05-22 17:00,Trailing Stop,1.2704,781.25,1000.78125,7.28,0.73,1,12.78,1.28,-9.09,-0.91,1396.16,698.08,0
202,Entry short,2024-05-22 17:00,Short Entry,1.281,781.25,1000.78125,7.28,0.73,1,12.78,1.28,-9.09,-0.91,1396.16,698.08,0
203,Exit short,2024-05-23 05:00,Trailing Stop,1.2674,773.993,999.998956,18.05,1.80,0.99,23.49,2.35,-0.5,-0.05,1414.21,707.10,0
203,Entry short,2024-05-23 05:00,Short Entry,1.292,773.993,999.998956,18.05,1.80,0.99,23.49,2.35,-0.5,-0.05,1414.21,707.10,0
204,Exit short,2024-05-25 05:00,Trailing Stop,1.3015,763.941,999.998769,4.73,0.47,1,10.2,1.02,-9.67,-0.97,1418.94,709.47,0
204,Entry short,2024-05-25 05:00,Short Entry,1.309,763.941,999.998769,4.73,0.47,1,10.2,1.02,-9.67,-0.97,1418.94,709.47,0
205,Exit short,2024-05-25 17:00,Trailing Stop,1.3075,759.878,999.999448,5.46,0.55,1,10.9,1.09,-5.06,-0.51,1424.4,712.20,0
205,Entry short,2024-05-25 17:00,Short Entry,1.316,759.878,999.999448,5.46,0.55,1,10.9,1.09,-5.06,-0.51,1424.4,712.20,0
206,Exit short,2024-05-26 05:00,Trailing Stop,1.3055,760.456,999.99964,6.23,0.62,1,11.67,1.17,-0.5,-0.05,1430.63,715.31,1
206,Entry short,2024-05-26 01:00,Short Entry,1.315,760.456,999.99964,6.23,0.62,1,11.67,1.17,-0.5,-0.05,1430.63,715.31,1
207,Exit short,2024-05-27 21:00,Trailing Stop,1.2795,767.459,999.231618,16.28,1.63,0.99,21.76,2.18,-12.78,-1.28,1446.91,723.45,1
207,Entry short,2024-05-27 17:00,Short Entry,1.302,767.459,999.231618,16.28,1.63,0.99,21.76,2.18,-12.78,-1.28,1446.91,723.45,1
208,Exit short,2024-06-01 09:00,Take Profit,1.5174,638.569,999.999054,30.05,3.00,0.98,30.53,3.05,-17.74,-1.77,1476.96,738.48,0
208,Entry short,2024-06-01 09:00,Short Entry,1.566,638.569,999.999054,30.05,3.00,0.98,30.53,3.05,-17.74,-1.77,1476.96,738.48,0
209,Exit long,2024-06-11 01:00,Stop Loss,1.5597,628.93,999.9987,-20.05,-2.00,0.99,8.93,0.89,-19.56,-1.95,1456.91,728.45,0
209,Entry long,2024-06-11 01:00,Long Entry,1.59,628.93,999.9987,-20.05,-2.00,0.99,8.93,0.89,-19.56,-1.95,1456.91,728.45,0
210,Exit long,2024-06-11 09:00,Stop Loss,1.5391,636.942,999.361998,-20.03,-2.00,0.99,5.87,0.59,-19.54,-1.95,1436.88,718.44,0
210,Entry long,2024-06-11 09:00,Long Entry,1.569,636.942,999.361998,-20.03,-2.00,0.99,5.87,0.59,-19.54,-1.95,1436.88,718.44,0
211,Exit long,2024-06-12 13:00,Trailing Stop,1.5663,648.508,999.999336,14.75,1.47,1.01,20.25,2.02,-0.5,-0.05,1451.63,725.81,0
211,Entry long,2024-06-12 13:00,Long Entry,1.542,648.508,999.999336,14.75,1.47,1.01,20.25,2.02,-0.5,-0.05,1451.63,725.81,0
212,Exit long,2024-06-13 09:00,Take Profit,1.5321,672.494,999.326084,29.99,3.00,1.01,30.5,3.05,-2.52,-0.25,1481.61,740.81,0
212,Entry long,2024-06-13 09:00,Long Entry,1.486,672.494,999.326084,29.99,3.00,1.01,30.5,3.05,-2.52,-0.25,1481.61,740.81,0
213,Exit long,2024-06-14 21:00,Trailing Stop,1.433,713.775,999.998775,21.83,2.18,1.01,27.34,2.73,-18.34,-1.83,1503.44,751.72,0
213,Entry long,2024-06-14 21:00,Long Entry,1.401,713.775,999.998775,21.83,2.18,1.01,27.34,2.73,-18.34,-1.83,1503.44,751.72,0
214,Exit long,2024-06-17 17:00,Stop Loss,1.2625,776.397,999.222939,-20.01,-2.00,0.99,1.05,0.11,-19.52,-1.95,1483.43,741.72,0
214,Entry long,2024-06-17 17:00,Long Entry,1.287,776.397,999.222939,-20.01,-2.00,0.99,1.05,0.11,-19.52,-1.95,1483.43,741.72,0
215,Exit long,2024-06-24 09:00,Trailing Stop,1.1136,916.59,999.0831,20.62,2.06,1.01,26.08,2.61,-0.5,-0.05,1504.05,752.03,0
215,Entry long,2024-06-24 09:00,Long Entry,1.09,916.59,999.0831,20.62,2.06,1.01,26.08,2.61,-0.5,-0.05,1504.05,752.03,0
216,Exit long,2024-06-29 13:00,Stop Loss,1.0614,923.361,999.076602,-20.01,-2.00,0.99,2.27,0.23,-19.52,-1.95,1484.04,742.02,0
216,Entry long,2024-06-29 13:00,Long Entry,1.082,923.361,999.076602,-20.01,-2.00,0.99,2.27,0.23,-19.52,-1.95,1484.04,742.02,0
217,Exit long,2024-06-30 01:00,Trailing Stop,1.0797,938.967,999.999855,12.8,1.28,1.01,18.28,1.83,-18.34,-1.83,1496.84,748.42,1
217,Entry long,2024-06-29 21:00,Long Entry,1.065,938.967,999.999855,12.8,1.28,1.01,18.28,1.83,-18.34,-1.83,1496.84,748.42,1
218,Exit short,2024-07-17 09:00,Trailing Stop,1.1317,864.304,999.135424,20.01,2.00,0.99,25.43,2.54,-8.28,-0.83,1516.85,758.43,0
218,Entry short,2024-07-17 09:00,Short Entry,1.156,864.304,999.135424,20.01,2.00,0.99,25.43,2.54,-8.28,-0.83,1516.85,758.43,0
219,Exit long,2024-08-01 21:00,Stop Loss,1.0584,926.784,999.999936,-20.08,-2.01,0.99,5.99,0.60,-19.59,-1.96,1496.77,748.38,0
219,Entry long,2024-08-01 21:00,Long Entry,1.079,926.784,999.999936,-20.08,-2.01,0.99,5.99,0.60,-19.59,-1.96,1496.77,748.38,0
220,Exit long,2024-08-03 09:00,Stop Loss,0.981,1000,1000,-19.99,-2.00,0.99,3.5,0.35,-19.5,-1.95,1476.78,738.39,1
220,Entry long,2024-08-03 05:00,Long Entry,1,1000,1000,-19.99,-2.00,0.99,3.5,0.35,-19.5,-1.95,1476.78,738.39,1
221,Exit long,2024-08-04 17:00,Trailing Stop,0.9105,1108.647,998.890947,9.53,0.95,1,15.02,1.50,-0.5,-0.05,1486.31,743.15,0
221,Entry long,2024-08-04 17:00,Long Entry,0.901,1108.647,998.890947,9.53,0.95,1,15.02,1.50,-0.5,-0.05,1486.31,743.15,0
222,Exit long,2024-08-05 05:00,Stop Loss,0.771,1272.264,999.999504,-20.07,-2.01,0.99,3.32,0.33,-19.58,-1.96,1466.23,733.12,0
222,Entry long,2024-08-05 05:00,Long Entry,0.786,1272.264,999.999504,-20.07,-2.01,0.99,3.32,0.33,-19.58,-1.96,1466.23,733.12,0
223,Exit long,2024-08-05 13:00,Trailing Stop,0.8449,1201.923,999.999936,14.5,1.45,1.01,19.93,1.99,-0.5,-0.05,1480.73,740.36,0
223,Entry long,2024-08-05 13:00,Long Entry,0.832,1201.923,999.999936,14.5,1.45,1.01,19.93,1.99,-0.5,-0.05,1480.73,740.36,0
224,Exit short,2024-08-23 05:00,Trailing Stop,1.1789,840.336,999.159504,7.49,0.75,0.99,12.95,1.30,-7.22,-0.72,1488.22,744.11,0
224,Entry short,2024-08-23 05:00,Short Entry,1.189,840.336,999.159504,7.49,0.75,0.99,12.95,1.30,-7.22,-0.72,1488.22,744.11,0
225,Exit short,2024-08-24 01:00,Trailing Stop,1.192,827.814,999.999312,12.25,1.22,0.99,17.71,1.77,-12.92,-1.29,1500.47,750.24,1
225,Entry short,2024-08-23 21:00,Short Entry,1.208,827.814,999.999312,12.25,1.22,0.99,17.71,1.77,-12.92,-1.29,1500.47,750.24,1
226,Exit short,2024-08-24 17:00,Take Profit,1.1831,819,999.999,30.06,3.00,0.98,30.54,3.05,-5.41,-0.54,1530.53,765.26,0
226,Entry short,2024-08-24 17:00,Short Entry,1.221,819,999.999,30.06,3.00,0.98,30.54,3.05,-5.41,-0.54,1530.53,765.26,0
227,Exit long,2024-08-28 09:00,Stop Loss,1.0261,956.022,999.999012,-20.02,-2.00,0.99,4.28,0.43,-19.52,-1.95,1510.51,755.26,0
227,Entry long,2024-08-28 09:00,Long Entry,1.046,956.022,999.999012,-20.02,-2.00,0.99,4.28,0.43,-19.52,-1.95,1510.51,755.26,0
228,Exit long,2024-08-29 01:00,Trailing Stop,1.015,994.035,999.005175,8.94,0.89,1,14.41,1.44,-1.49,-0.15,1519.45,759.73,1
228,Entry long,2024-08-28 21:00,Long Entry,1.005,994.035,999.005175,8.94,0.89,1,14.41,1.44,-1.49,-0.15,1519.45,759.73,1
229,Exit long,2024-08-30 09:00,Trailing Stop,1.015,994.035,1000.993245,6.95,0.69,1,12.42,1.24,-3.48,-0.35,1526.4,763.20,1
229,Entry long,2024-08-30 05:00,Long Entry,1.007,994.035,1000.993245,6.95,0.69,1,12.42,1.24,-3.48,-0.35,1526.4,763.20,1
230,Exit long,2024-08-30 17:00,Trailing Stop,1.0011,1013.171,1001.012948,12.26,1.22,1.01,17.74,1.77,-2.53,-0.25,1538.66,769.33,0
230,Entry long,2024-08-30 17:00,Long Entry,0.988,1013.171,1001.012948,12.26,1.22,1.01,17.74,1.77,-2.53,-0.25,1538.66,769.33,0
231,Exit long,2024-09-01 13:00,Trailing Stop,0.9563,1053.74,998.94552,7.74,0.77,1,13.2,1.32,-0.5,-0.05,1546.41,773.20,0
231,Entry long,2024-09-01 13:00,Long Entry,0.948,1053.74,998.94552,7.74,0.77,1,13.2,1.32,-0.5,-0.05,1546.41,773.20,0
232,Exit long,2024-09-02 05:00,Take Profit,0.9589,1074.113,998.92509,30.03,3.00,1.01,30.54,3.06,-16.61,-1.66,1576.43,788.22,1
232,Entry long,2024-09-02 01:00,Long Entry,0.93,1074.113,998.92509,30.03,3.00,1.01,30.54,3.06,-16.61,-1.66,1576.43,788.22,1
233,Exit long,2024-09-04 05:00,Trailing Stop,0.9305,1092.896,999.99984,15.93,1.59,1.01,21.36,2.13,-10.34,-1.03,1592.36,796.18,1
233,Entry long,2024-09-04 01:00,Long Entry,0.915,1092.896,999.99984,15.93,1.59,1.01,21.36,2.13,-10.34,-1.03,1592.36,796.18,1
234,Exit long,2024-09-06 09:00,Stop Loss,0.8976,1091.703,998.908245,-19.99,-2.00,0.99,0,0.00,-19.5,-1.95,1572.38,786.19,0
234,Entry long,2024-09-06 09:00,Long Entry,0.915,1091.703,998.908245,-19.99,-2.00,0.99,0,0.00,-19.5,-1.95,1572.38,786.19,0
235,Exit long,2024-09-07 01:00,Trailing Stop,0.9006,1136.363,999.99944,22.4,2.24,1.01,27.91,2.79,-10.73,-1.07,1594.78,797.39,1
235,Entry long,2024-09-06 21:00,Long Entry,0.88,1136.363,999.99944,22.4,2.24,1.01,27.91,2.79,-10.73,-1.07,1594.78,797.39,1
236,Exit long,2024-09-07 09:00,Take Profit,0.9269,1111.111,998.888789,29.99,3.00,1.01,30.5,3.05,-3.83,-0.38,1624.76,812.38,1
236,Entry long,2024-09-07 05:00,Long Entry,0.899,1111.111,998.888789,29.99,3.00,1.01,30.5,3.05,-3.83,-0.38,1624.76,812.38,1
237,Exit short,2024-09-25 09:00,Trailing Stop,1.1226,881.834,999.999756,9.06,0.91,0.99,14.49,1.45,-11.96,-1.20,1633.82,816.91,1
237,Entry short,2024-09-25 05:00,Short Entry,1.134,881.834,999.999756,9.06,0.91,0.99,14.49,1.45,-11.96,-1.20,1633.82,816.91,1
238,Exit short,2024-09-27 13:00,Trailing Stop,1.1688,850.34,999.99984,5.13,0.51,1,10.55,1.05,-10.7,-1.07,1638.95,819.47,0
238,Entry short,2024-09-27 13:00,Short Entry,1.176,850.34,999.99984,5.13,0.51,1,10.55,1.05,-10.7,-1.07,1638.95,819.47,0
239,Exit short,2024-09-28 05:00,Trailing Stop,1.1318,862.068,999.99888,23.32,2.33,0.99,28.81,2.88,-2.22,-0.22,1662.27,831.13,0
239,Entry short,2024-09-28 05:00,Short Entry,1.16,862.068,999.99888,23.32,2.33,0.99,28.81,2.88,-2.22,-0.22,1662.27,831.13,0
240,Exit long,2024-10-03 17:00,Stop Loss,0.9113,1076.426,999.999754,-20.04,-2.00,0.99,1.65,0.17,-19.55,-1.95,1642.23,821.11,0
240,Entry long,2024-10-03 17:00,Long Entry,0.929,1076.426,999.999754,-20.04,-2.00,0.99,1.65,0.17,-19.55,-1.95,1642.23,821.11,0
241,Exit short,2024-10-14 05:00,Trailing Stop,1.0784,922.509,999.999756,4.17,0.42,1,9.65,0.96,-9.73,-0.97,1646.39,823.20,0
241,Entry short,2024-10-14 05:00,Short Entry,1.084,922.509,999.999756,4.17,0.42,1,9.65,0.96,-9.73,-0.97,1646.39,823.20,0
242,Exit short,2024-10-19 09:00,Trailing Stop,1.1177,872.6,999.9996,23.71,2.37,0.99,29.17,2.92,-11.84,-1.18,1670.1,835.05,2
242,Entry short,2024-10-19 01:00,Short Entry,1.146,872.6,999.9996,23.71,2.37,0.99,29.17,2.92,-11.84,-1.18,1670.1,835.05,2
243,Exit long,2024-10-26 17:00,Trailing Stop,1.0329,974.658,999.999108,5.72,0.57,1,11.2,1.12,-5.37,-0.54,1675.82,837.91,0
243,Entry long,2024-10-26 17:00,Long Entry,1.026,974.658,999.999108,5.72,0.57,1,11.2,1.12,-5.37,-0.54,1675.82,837.91,0
244,Exit long,2024-10-28 17:00,Take Profit,1.0486,985.221,1001.969757,30.12,3.00,1.02,30.63,3.06,-1.49,-0.15,1705.94,852.97,0
244,Entry long,2024-10-28 17:00,Long Entry,1.017,985.221,1001.969757,30.12,3.00,1.02,30.63,3.06,-1.49,-0.15,1705.94,852.97,0
245,Exit long,2024-11-02 09:00,Stop Loss,0.9819,1000,1001,-20.09,-2.01,0.99,3.5,0.35,-19.6,-1.96,1685.85,842.92,2
245,Entry long,2024-11-02 01:00,Long Entry,1.001,1000,1001,-20.09,-2.01,0.99,3.5,0.35,-19.6,-1.96,1685.85,842.92,2
246,Exit long,2024-11-02 21:00,Stop Loss,0.9633,1019.367,1001.018394,-20.05,-2.00,0.99,1.54,0.15,-19.56,-1.95,1665.79,832.90,1
246,Entry long,2024-11-02 17:00,Long Entry,0.982,1019.367,1001.018394,-20.05,-2.00,0.99,1.54,0.15,-19.56,-1.95,1665.79,832.90,1
247,Exit long,2024-11-05 05:00,Trailing Stop,0.9314,1081.081,999.999925,5.92,0.59,1,11.39,1.14,-4.82,-0.48,1671.71,835.85,1
247,Entry long,2024-11-05 01:00,Long Entry,0.925,1081.081,999.999925,5.92,0.59,1,11.39,1.14,-4.82,-0.48,1671.71,835.85,1
248,Exit short,2024-11-09 13:00,Trailing Stop,1.0895,899.28,999.99936,19.24,1.92,0.99,24.68,2.47,-14.89,-1.49,1690.95,845.48,0
248,Entry short,2024-11-09 13:00,Short Entry,1.112,899.28,999.99936,19.24,1.92,0.99,24.68,2.47,-14.89,-1.49,1690.95,845.48,0
249,Exit short,2024-11-10 01:00,Stop Loss,1.1536,883.392,999.999744,-20.09,-2.01,1.01,3.03,0.30,-19.58,-1.96,1670.86,835.43,0
249,Entry short,2024-11-10 01:00,Short Entry,1.132,883.392,999.999744,-20.09,-2.01,1.01,3.03,0.30,-19.58,-1.96,1670.86,835.43,0
250,Exit short,2024-11-11 13:00,Stop Loss,1.2096,843.17,1000.84279,-20.07,-2.00,1.01,2.03,0.20,-19.56,-1.95,1650.8,825.40,0
250,Entry short,2024-11-11 13:00,Short Entry,1.187,843.17,1000.84279,-20.07,-2.00,1.01,2.03,0.20,-19.56,-1.95,1650.8,825.40,0
251,Exit short,2024-11-12 09:00,Take Profit,1.0949,884.955,999.99915,30.08,3.01,0.98,30.56,3.05,-11.12,-1.11,1680.87,840.44,0
251,Entry short,2024-11-12 09:00,Short Entry,1.13,884.955,999.99915,30.08,3.01,0.98,30.56,3.05,-11.12,-1.11,1680.87,840.44,0
252,Exit short,2024-11-16 13:00,Trailing Stop,1.205,823.723,999.175999,5.59,0.56,1,11.03,1.10,-0.5,-0.05,1686.47,843.23,0
252,Entry short,2024-11-16 13:00,Short Entry,1.213,823.723,999.175999,5.59,0.56,1,11.03,1.10,-0.5,-0.05,1686.47,843.23,0
253,Exit short,2024-11-17 01:00,Trailing Stop,1.2573,787.401,999.99927,9,0.90,0.99,14.46,1.45,-0.5,-0.05,1695.47,847.74,0
253,Entry short,2024-11-17 01:00,Short Entry,1.27,787.401,999.99927,9,0.90,0.99,14.46,1.45,-0.5,-0.05,1695.47,847.74,0
254,Exit short,2024-11-18 13:00,Take Profit,1.3275,730.46,1000.7302,30.06,3.00,0.99,30.54,3.05,-15.84,-1.58,1725.53,862.77,0
254,Entry short,2024-11-18 13:00,Short Entry,1.37,730.46,1000.7302,30.06,3.00,0.99,30.54,3.05,-15.84,-1.58,1725.53,862.77,0
255,Exit short,2024-11-25 01:00,Trailing Stop,1.4634,672.043,999.999984,15.54,1.55,0.99,21.01,2.10,-0.5,-0.05,1741.07,870.54,0
255,Entry short,2024-11-25 01:00,Short Entry,1.488,672.043,999.999984,15.54,1.55,0.99,21.01,2.10,-0.5,-0.05,1741.07,870.54,0
256,Exit short,2024-11-29 01:00,Take Profit,1.4505,668.002,999.998994,30.08,3.01,0.98,30.56,3.05,-9.85,-0.98,1771.15,885.57,1
256,Entry short,2024-11-28 21:00,Short Entry,1.497,668.002,999.998994,30.08,3.01,0.98,30.56,3.05,-9.85,-0.98,1771.15,885.57,1
257,Exit short,2024-11-30 09:00,Stop Loss,1.5775,645.994,999.998712,-20.07,-2.01,1.01,1.44,0.14,-19.56,-1.95,1751.08,875.54,0
257,Entry short,2024-11-30 09:00,Short Entry,1.548,645.994,999.998712,-20.07,-2.01,1.01,1.44,0.14,-19.56,-1.95,1751.08,875.54,0
258,Exit short,2024-11-30 21:00,Take Profit,1.5407,629.326,1000.62834,30.04,3.00,0.99,30.53,3.05,-4.28,-0.43,1781.12,890.56,0
258,Entry short,2024-11-30 21:00,Short Entry,1.59,629.326,1000.62834,30.04,3.00,0.99,30.53,3.05,-4.28,-0.43,1781.12,890.56,0
259,Exit short,2024-12-03 13:00,Trailing Stop,1.6563,597.014,999.401436,9.57,0.96,0.99,15.02,1.50,-0.5,-0.05,1790.7,895.35,0
259,Entry short,2024-12-03 13:00,Short Entry,1.674,597.014,999.401436,9.57,0.96,0.99,15.02,1.50,-0.5,-0.05,1790.7,895.35,0
260,Exit short,2024-12-04 01:00,Trailing Stop,1.7649,562.113,1000.56114,7.49,0.75,1,12.99,1.30,-0.5,-0.05,1798.19,899.09,0
260,Entry short,2024-12-04 01:00,Short Entry,1.78,562.113,1000.56114,7.49,0.75,1,12.99,1.30,-0.5,-0.05,1798.19,899.09,0
261,Exit short,2024-12-06 09:00,Stop Loss,1.8363,554.631,999.445062,-20.03,-2.00,1.01,0,0.00,-19.52,-1.95,1778.16,889.08,0
261,Entry short,2024-12-06 09:00,Short Entry,1.802,554.631,999.445062,-20.03,-2.00,1.01,0,0.00,-19.52,-1.95,1778.16,889.08,0
262,Exit short,2024-12-07 05:00,Trailing Stop,1.8293,534.188,999.999936,21.82,2.18,0.99,27.28,2.73,-1.57,-0.16,1799.98,899.99,0
262,Entry short,2024-12-07 05:00,Short Entry,1.872,534.188,999.999936,21.82,2.18,0.99,27.28,2.73,-1.57,-0.16,1799.98,899.99,0
263,Exit long,2024-12-19 05:00,Stop Loss,1.2174,805.801,999.999041,-20.01,-2.00,0.99,8.36,0.84,-19.52,-1.95,1779.97,889.98,1
263,Entry long,2024-12-19 01:00,Long Entry,1.241,805.801,999.999041,-20.01,-2.00,0.99,8.36,0.84,-19.52,-1.95,1779.97,889.98,1
264,Exit long,2024-12-19 05:00,Take Profit,1.252,829.875,999.999375,37.98,3.80,1.02,38.5,3.85,0,0.00,1817.95,908.98,0
264,Entry long,2024-12-19 05:00,Long Entry,1.205,829.875,999.999375,37.98,3.80,1.02,38.5,3.85,0,0.00,1817.95,908.98,0
265,Exit long,2024-12-19 09:00,Stop Loss,1.2095,810.372,999.188676,-20.03,-2.00,0.99,1.12,0.11,-19.54,-1.95,1797.92,898.96,0
265,Entry long,2024-12-19 09:00,Long Entry,1.233,810.372,999.188676,-20.03,-2.00,0.99,1.12,0.11,-19.54,-1.95,1797.92,898.96,0
266,Exit short,2025-01-05 09:00,Trailing Stop,1.2493,789.265,999.998755,12.98,1.30,0.99,18.44,1.84,-16.29,-1.63,1810.9,905.45,2
266,Entry short,2025-01-05 01:00,Short Entry,1.267,789.265,999.998755,12.98,1.30,0.99,18.44,1.84,-16.29,-1.63,1810.9,905.45,2
267,Exit short,2025-01-06 05:00,Trailing Stop,1.2734,780.64,999.2192,4.16,0.42,1,9.65,0.97,-0.5,-0.05,1815.05,907.53,0
267,Entry short,2025-01-06 05:00,Short Entry,1.28,780.64,999.2192,4.16,0.42,1,9.65,0.97,-0.5,-0.05,1815.05,907.53,0
268,Exit short,2025-01-06 17:00,Trailing Stop,1.2975,764.525,999.9987,7.03,0.70,1,12.5,1.25,-3.56,-0.36,1822.08,911.04,0
268,Entry short,2025-01-06 17:00,Short Entry,1.308,764.525,999.9987,7.03,0.70,1,12.5,1.25,-3.56,-0.36,1822.08,911.04,0
269,Exit long,2025-01-08 21:00,Trailing Stop,1.1265,897.666,999.999924,10.22,1.02,1.01,15.66,1.57,-8.58,-0.86,1832.3,916.15,0
269,Entry long,2025-01-08 21:00,Long Entry,1.114,897.666,999.999924,10.22,1.02,1.01,15.66,1.57,-8.58,-0.86,1832.3,916.15,0
270,Exit long,2025-01-09 09:00,Trailing Stop,1.1205,900.9,999.999,8.45,0.85,1,13.91,1.39,-0.5,-0.05,1840.75,920.38,0
270,Entry long,2025-01-09 09:00,Long Entry,1.11,900.9,999.999,8.45,0.85,1,13.91,1.39,-0.5,-0.05,1840.75,920.38,0
271,Exit long,2025-01-10 01:00,Trailing Stop,1.1206,909.918,999.999882,18.64,1.86,1.01,24.07,2.41,-11.42,-1.14,1859.4,929.70,1
271,Entry long,2025-01-09 21:00,Long Entry,1.099,909.918,999.999882,18.64,1.86,1.01,24.07,2.41,-11.42,-1.14,1859.4,929.70,1
272,Exit long,2025-01-29 05:00,Trailing Stop,0.9155,1111.111,999.9999,16.21,1.62,1.01,21.72,2.17,-4.94,-0.49,1875.61,937.81,1
272,Entry long,2025-01-29 01:00,Long Entry,0.9,1111.111,999.9999,16.21,1.62,1.01,21.72,2.17,-4.94,-0.49,1875.61,937.81,1
273,Exit long,2025-02-02 05:00,Trailing Stop,0.8837,1148.105,999.999455,13.57,1.36,1.01,19.02,1.90,-0.5,-0.05,1889.19,944.59,0
273,Entry long,2025-02-02 05:00,Long Entry,0.871,1148.105,999.999455,13.57,1.36,1.01,19.02,1.90,-0.5,-0.05,1889.19,944.59,0
274,Exit long,2025-02-02 13:00,Stop Loss,0.8426,1164.144,999.999696,-20.08,-2.01,0.99,0,0.00,-19.59,-1.96,1869.1,934.55,0
274,Entry long,2025-02-02 13:00,Long Entry,0.859,1164.144,999.999696,-20.08,-2.01,0.99,0,0.00,-19.59,-1.96,1869.1,934.55,0
275,Exit long,2025-03-04 13:00,Trailing Stop,0.5683,1792.114,1001.791726,15.66,1.56,1.01,21,2.10,-0.5,-0.05,1884.76,942.38,0
275,Entry long,2025-03-04 13:00,Long Entry,0.559,1792.114,1001.791726,15.66,1.56,1.01,21,2.10,-0.5,-0.05,1884.76,942.38,0
276,Exit long,2025-03-11 09:00,Take Profit,0.5042,2044.989,999.999621,30.07,3.01,1.02,30.58,3.06,-4.59,-0.46,1914.83,957.41,1
276,Entry long,2025-03-11 05:00,Long Entry,0.489,2044.989,999.999621,30.07,3.01,1.02,30.58,3.06,-4.59,-0.46,1914.83,957.41,1
277,Exit long,2025-03-29 13:00,Stop Loss,0.4385,2232.142,997.767474,-19.96,-2.00,0.99,3.97,0.40,-19.47,-1.95,1894.87,947.43,0
277,Entry long,2025-03-29 13:00,Long Entry,0.447,2232.142,997.767474,-19.96,-2.00,0.99,3.97,0.40,-19.47,-1.95,1894.87,947.43,0
278,Exit long,2025-03-29 21:00,Trailing Stop,0.4518,2252.252,999.999888,16.56,1.66,1.01,22.02,2.20,-9.51,-0.95,1911.43,955.71,0
278,Entry long,2025-03-29 21:00,Long Entry,0.444,2252.252,999.999888,16.56,1.66,1.01,22.02,2.20,-9.51,-0.95,1911.43,955.71,0
279,Exit long,2025-03-31 05:00,Stop Loss,0.4326,2272.727,1002.272607,-20.08,-2.00,0.99,8.59,0.86,-19.59,-1.95,1891.34,945.67,0
279,Entry long,2025-03-31 05:00,Long Entry,0.441,2272.727,1002.272607,-20.08,-2.00,0.99,8.59,0.86,-19.59,-1.95,1891.34,945.67,0
280,Exit long,2025-04-02 09:00,Take Profit,0.4403,2341.92,999.99984,30.13,3.01,1.02,30.65,3.06,-16.89,-1.69,1921.47,960.74,0
280,Entry long,2025-04-02 09:00,Long Entry,0.427,2341.92,999.99984,30.13,3.01,1.02,30.65,3.06,-16.89,-1.69,1921.47,960.74,0
281,Exit long,2025-04-03 01:00,Stop Loss,0.4022,2439.024,999.99984,-20.01,-2.00,0.99,9.26,0.93,-19.52,-1.95,1901.46,950.73,0
281,Entry long,2025-04-03 01:00,Long Entry,0.41,2439.024,999.99984,-20.01,-2.00,0.99,9.26,0.93,-19.52,-1.95,1901.46,950.73,0
282,Exit long,2025-04-03 13:00,Trailing Stop,0.4031,2531.645,1002.53142,16.96,1.69,1.01,22.28,2.22,-3.03,-0.30,1918.42,959.21,0
282,Entry long,2025-04-03 13:00,Long Entry,0.396,2531.645,1002.53142,16.96,1.69,1.01,22.28,2.22,-3.03,-0.30,1918.42,959.21,0
283,Exit short,2025-04-29 09:00,Trailing Stop,0.4864,2020.202,999.99999,16.38,1.64,0.99,21.72,2.17,-4.54,-0.45,1934.8,967.40,0
283,Entry short,2025-04-29 09:00,Short Entry,0.495,2020.202,999.99999,16.38,1.64,0.99,21.72,2.17,-4.54,-0.45,1934.8,967.40,0
284,Exit long,2025-05-06 01:00,Trailing Stop,0.411,2475.247,1002.475035,13.84,1.38,1.01,19.3,1.92,-5.45,-0.54,1948.65,974.32,0
284,Entry long,2025-05-06 01:00,Long Entry,0.405,2475.247,1002.475035,13.84,1.38,1.01,19.3,1.92,-5.45,-0.54,1948.65,974.32,0
285,Exit long,2025-05-06 17:00,Trailing Stop,0.4031,2531.645,1002.53142,16.96,1.69,1.01,22.28,2.22,-0.5,-0.05,1965.61,982.80,0
285,Entry long,2025-05-06 17:00,Long Entry,0.396,2531.645,1002.53142,16.96,1.69,1.01,22.28,2.22,-0.5,-0.05,1965.61,982.80,0
286,Exit short,2025-05-11 01:00,Take Profit,0.5348,1808.318,998.191536,30.12,3.02,0.98,30.6,3.06,-2.31,-0.23,1995.73,997.86,0
286,Entry short,2025-05-11 01:00,Short Entry,0.552,1808.318,998.191536,30.12,3.02,0.98,30.6,3.06,-2.31,-0.23,1995.73,997.86,0
287,Exit short,2025-05-12 09:00,Stop Loss,0.5625,1811.594,999.999888,-20.03,-2.00,1.01,0,0.00,-19.52,-1.95,1975.7,987.85,0
287,Entry short,2025-05-12 09:00,Short Entry,0.552,1811.594,999.999888,-20.03,-2.00,1.01,0,0.00,-19.52,-1.95,1975.7,987.85,0
288,Exit short,2025-05-13 21:00,Stop Loss,0.585,1742.16,999.99984,-20.17,-2.02,1.01,4.73,0.47,-19.66,-1.97,1955.53,977.76,0
288,Entry short,2025-05-13 21:00,Short Entry,0.574,1742.16,999.99984,-20.17,-2.02,1.01,4.73,0.47,-19.66,-1.97,1955.53,977.76,0
289,Exit long,2025-05-19 13:00,Take Profit,0.4877,2114.164,999.999572,30.06,3.00,1.02,30.58,3.06,-11.07,-1.11,1985.59,992.79,0
289,Entry long,2025-05-19 13:00,Long Entry,0.473,2114.164,999.999572,30.06,3.00,1.02,30.58,3.06,-11.07,-1.11,1985.59,992.79,0
290,Exit long,2025-05-25 17:00,Take Profit,0.463,2222.222,997.777678,30.1,3.01,1.01,30.61,3.07,-7.17,-0.72,2015.69,1007.84,0
290,Entry long,2025-05-25 17:00,Long Entry,0.449,2222.222,997.777678,30.1,3.01,1.01,30.61,3.07,-7.17,-0.72,2015.69,1007.84,0
291,Exit long,2025-05-30 09:00,Stop Loss,0.4267,2293.577,997.705995,-20.02,-2.01,0.99,4.09,0.41,-19.54,-1.96,1995.66,997.83,0
291,Entry long,2025-05-30 09:00,Long Entry,0.435,2293.577,997.705995,-20.02,-2.01,0.99,4.09,0.41,-19.54,-1.96,1995.66,997.83,0
292,Exit long,2025-06-06 01:00,Trailing Stop,0.3951,2544.529,999.999897,4.34,0.43,1,9.68,0.97,-8.13,-0.81,2000,1000.00,0
292,Entry long,2025-06-06 01:00,Long Entry,0.393,2544.529,999.999897,4.34,0.43,1,9.68,0.97,-8.13,-0.81,2000,1000.00,0
293,Exit long,2025-06-17 17:00,Stop Loss,0.3796,2590.673,1002.590451,-20.16,-2.01,0.99,4.68,0.47,-19.67,-1.96,1979.84,989.92,0
293,Entry long,2025-06-17 17:00,Long Entry,0.387,2590.673,1002.590451,-20.16,-2.01,0.99,4.68,0.47,-19.67,-1.96,1979.84,989.92,0
294,Exit long,2025-06-18 13:00,Trailing Stop,0.3792,2652.519,999.999663,4.83,0.48,1,10.11,1.01,-0.5,-0.05,1984.67,992.34,0
294,Entry long,2025-06-18 13:00,Long Entry,0.377,2652.519,999.999663,4.83,0.48,1,10.11,1.01,-0.5,-0.05,1984.67,992.34,0
295,Exit long,2025-06-18 21:00,Trailing Stop,0.3861,2617.801,999.999982,9.73,0.97,1.01,15.21,1.52,-8.35,-0.83,1994.4,997.20,0
295,Entry long,2025-06-18 21:00,Long Entry,0.382,2617.801,999.999982,9.73,0.97,1.01,15.21,1.52,-8.35,-0.83,1994.4,997.20,0
296,Exit long,2025-06-21 09:00,Stop Loss,0.3668,2680.965,1002.68091,-20.3,-2.02,0.99,4.86,0.48,-19.8,-1.97,1974.1,987.05,2
296,Entry long,2025-06-21 01:00,Long Entry,0.374,2680.965,1002.68091,-20.3,-2.02,0.99,4.86,0.48,-19.8,-1.97,1974.1,987.05,2
297,Exit short,2025-07-11 21:00,Trailing Stop,0.4432,2217.294,999.999594,16.3,1.63,0.99,21.67,2.17,-0.5,-0.05,1990.41,995.20,0
297,Entry short,2025-07-11 21:00,Short Entry,0.451,2217.294,999.999594,16.3,1.63,0.99,21.67,2.17,-0.5,-0.05,1990.41,995.20,0
298,Exit short,2025-07-14 05:00,Trailing Stop,0.4593,2141.327,997.858382,13.36,1.34,0.99,18.77,1.88,-6.92,-0.69,2003.76,1001.88,0
298,Entry short,2025-07-14 05:00,Short Entry,0.466,2141.327,997.858382,13.36,1.34,0.99,18.77,1.88,-6.92,-0.69,2003.76,1001.88,0
299,Exit short,2025-07-16 21:00,Take Profit,0.4622,2096.436,999.999972,30.04,3.00,0.98,30.53,3.05,-13.08,-1.31,2033.8,1016.90,0
299,Entry short,2025-07-16 21:00,Short Entry,0.477,2096.436,999.999972,30.04,3.00,0.98,30.53,3.05,-13.08,-1.31,2033.8,1016.90,0
300,Exit short,2025-07-18 13:00,Trailing Stop,0.4754,2079.002,999.999962,10.65,1.06,0.99,16.13,1.61,-12.97,-1.30,2044.45,1022.23,0
300,Entry short,2025-07-18 13:00,Short Entry,0.481,2079.002,999.999962,10.65,1.06,0.99,16.13,1.61,-12.97,-1.30,2044.45,1022.23,0
301,Exit short,2025-07-20 17:00,Take Profit,0.4815,2016.129,1002.016113,30.26,3.02,0.99,30.75,3.07,-8.57,-0.85,2074.72,1037.36,0
301,Entry short,2025-07-20 17:00,Short Entry,0.497,2016.129,1002.016113,30.26,3.02,0.99,30.75,3.07,-8.57,-0.85,2074.72,1037.36,0
302,Exit short,2025-07-21 05:00,Trailing Stop,0.4894,2008.032,1002.007968,18.28,1.82,0.99,23.6,2.35,-8.53,-0.85,2093,1046.50,0
302,Entry short,2025-07-21 05:00,Short Entry,0.499,2008.032,1002.007968,18.28,1.82,0.99,23.6,2.35,-8.53,-0.85,2093,1046.50,0
303,Exit long,2025-07-25 05:00,Trailing Stop,0.411,2475.247,997.524541,18.79,1.88,1.01,24.25,2.43,-10.4,-1.04,2111.8,1055.90,0
303,Entry long,2025-07-25 05:00,Long Entry,0.403,2475.247,997.524541,18.79,1.88,1.01,24.25,2.43,-10.4,-1.04,2111.8,1055.90,0
304,Exit long,2025-07-30 13:00,Trailing Stop,0.4021,2518.891,999.999727,11.84,1.18,1.01,17.13,1.71,-0.5,-0.05,2123.64,1061.82,0
304,Entry long,2025-07-30 13:00,Long Entry,0.397,2518.891,999.999727,11.84,1.18,1.01,17.13,1.71,-0.5,-0.05,2123.64,1061.82,0
305,Exit long,2025-08-01 05:00,Stop Loss,0.3688,2659.574,999.999824,-20.14,-2.01,0.99,2.16,0.22,-19.65,-1.96,2103.5,1051.75,1
305,Entry long,2025-08-01 01:00,Long Entry,0.376,2659.574,999.999824,-20.14,-2.01,0.99,2.16,0.22,-19.65,-1.96,2103.5,1051.75,1
306,Exit long,2025-08-01 09:00,Take Profit,0.3764,2739.726,999.99999,30.22,3.02,1.02,30.73,3.07,0,0.00,2133.71,1066.86,1
306,Entry long,2025-08-01 05:00,Long Entry,0.365,2739.726,999.99999,30.22,3.02,1.02,30.73,3.07,0,0.00,2133.71,1066.86,1
307,Exit long,2025-08-02 01:00,Stop Loss,0.36,2732.24,1002.73208,-20.12,-2.01,0.99,7.7,0.77,-19.63,-1.96,2113.59,1056.80,0
307,Entry long,2025-08-02 01:00,Long Entry,0.367,2732.24,1002.73208,-20.12,-2.01,0.99,7.7,0.77,-19.63,-1.96,2113.59,1056.80,0
308,Exit long,2025-08-02 17:00,Trailing Stop,0.3573,2840.909,1002.840877,11.21,1.12,1.01,16.54,1.65,-3.34,-0.33,2124.8,1062.40,0
308,Entry long,2025-08-02 17:00,Long Entry,0.353,2840.909,1002.840877,11.21,1.12,1.01,16.54,1.65,-3.34,-0.33,2124.8,1062.40,0
309,Exit short,2025-08-05 13:00,Take Profit,0.3924,2475.247,1002.475035,30.2,3.01,0.99,30.69,3.06,-2.98,-0.30,2155,1077.50,0
309,Entry short,2025-08-05 13:00,Short Entry,0.405,2475.247,1002.475035,30.2,3.01,0.99,30.69,3.06,-2.98,-0.30,2155,1077.50,0
310,Exit short,2025-08-09 01:00,Stop Loss,0.4158,2450.98,999.99984,-20.13,-2.01,1.01,4.4,0.44,-19.62,-1.96,2134.88,1067.44,1
310,Entry short,2025-08-08 21:00,Short Entry,0.408,2450.98,999.99984,-20.13,-2.01,1.01,4.4,0.44,-19.62,-1.96,2134.88,1067.44,1
311,Exit short,2025-08-09 09:00,Stop Loss,0.427,2386.634,999.999646,-20.1,-2.01,1.01,6.66,0.67,-19.59,-1.96,2114.77,1057.39,0
311,Entry short,2025-08-09 09:00,Short Entry,0.419,2386.634,999.999646,-20.1,-2.01,1.01,6.66,0.67,-19.59,-1.96,2114.77,1057.39,0
312,Exit short,2025-08-10 01:00,Stop Loss,0.4301,2369.668,999.999896,-20.2,-2.02,1.01,6.61,0.66,-19.69,-1.97,2094.57,1047.28,1
312,Entry short,2025-08-09 21:00,Short Entry,0.422,2369.668,999.999896,-20.2,-2.02,1.01,6.61,0.66,-19.69,-1.97,2094.57,1047.28,1
313,Exit short,2025-08-10 01:00,Take Profit,0.41,2320.185,999.999735,47.75,4.77,0.98,48.22,4.82,0,0.00,2142.32,1071.16,0
313,Entry short,2025-08-10 01:00,Short Entry,0.431,2320.185,999.999735,47.75,4.77,0.98,48.22,4.82,0,0.00,2142.32,1071.16,0
314,Exit short,2025-08-10 09:00,Trailing Stop,0.407,2427.184,1002.426992,13.57,1.35,1,18.92,1.89,-2.93,-0.29,2155.89,1077.94,1
314,Entry short,2025-08-10 05:00,Short Entry,0.413,2427.184,1002.426992,13.57,1.35,1,18.92,1.89,-2.93,-0.29,2155.89,1077.94,1
315,Exit short,2025-08-11 05:00,Take Profit,0.3992,2421.307,997.578484,30.01,3.01,0.98,30.49,3.06,-15.03,-1.51,2185.9,1092.95,0
315,Entry short,2025-08-11 05:00,Short Entry,0.412,2421.307,997.578484,30.01,3.01,0.98,30.49,3.06,-15.03,-1.51,2185.9,1092.95,0
316,Exit short,2025-08-14 05:00,Trailing Stop,0.4131,2386.634,1002.38628,15.47,1.54,0.99,20.98,2.09,-5.27,-0.53,2201.37,1100.68,0
316,Entry short,2025-08-14 05:00,Short Entry,0.42,2386.634,1002.38628,15.47,1.54,0.99,20.98,2.09,-5.27,-0.53,2201.37,1100.68,0
317,Exit long,2025-08-20 01:00,Trailing Stop,0.3762,2702.702,999.99974,15.75,1.57,1.01,21.12,2.11,-3.2,-0.32,2217.12,1108.56,0
317,Entry long,2025-08-20 01:00,Long Entry,0.37,2702.702,999.99974,15.75,1.57,1.01,21.12,2.11,-3.2,-0.32,2217.12,1108.56,0
318,Exit long,2025-08-26 01:00,Trailing Stop,0.3643,2785.515,999.999885,13.76,1.37,1.01,19,1.90,-3.29,-0.33,2230.87,1115.44,0
318,Entry long,2025-08-26 01:00,Long Entry,0.359,2785.515,999.999885,13.76,1.37,1.01,19,1.90,-3.29,-0.33,2230.87,1115.44,0
319,Exit long,2025-08-26 17:00,Trailing Stop,0.369,2747.252,997.252476,15.48,1.55,1.01,21.48,2.15,-5.99,-0.60,2246.35,1123.18,1
319,Entry long,2025-08-26 13:00,Long Entry,0.363,2747.252,997.252476,15.48,1.55,1.01,21.48,2.15,-5.99,-0.60,2246.35,1123.18,1
320,Exit long,2025-08-29 21:00,Stop Loss,0.3531,2770.083,997.22988,-20.1,-2.01,0.99,0,0.00,-19.61,-1.97,2226.25,1113.13,0
320,Entry long,2025-08-29 21:00,Long Entry,0.36,2770.083,997.22988,-20.1,-2.01,0.99,0,0.00,-19.61,-1.97,2226.25,1113.13,0
321,Exit long,2025-09-04 13:00,Stop Loss,0.3443,2857.142,1002.856842,-20.14,-2.01,0.99,8.07,0.80,-19.64,-1.96,2206.11,1103.06,1
321,Entry long,2025-09-04 09:00,Long Entry,0.351,2857.142,1002.856842,-20.14,-2.01,0.99,8.07,0.80,-19.64,-1.96,2206.11,1103.06,1
322,Exit long,2025-09-05 01:00,Trailing Stop,0.3523,2849.002,997.1507,5.55,0.56,1,10.9,1.09,-3.35,-0.34,2211.67,1105.83,1
322,Entry long,2025-09-04 21:00,Long Entry,0.35,2849.002,997.1507,5.55,0.56,1,10.9,1.09,-3.35,-0.34,2211.67,1105.83,1
323,Exit long,2025-09-24 09:00,Trailing Stop,0.3244,3105.59,999.99998,6.45,0.64,1,11.92,1.19,-6.71,-0.67,2218.12,1109.06,1
323,Entry long,2025-09-24 05:00,Long Entry,0.322,3105.59,999.99998,6.45,0.64,1,11.92,1.19,-6.71,-0.67,2218.12,1109.06,1
324,Exit long,2025-09-25 13:00,Stop Loss,0.3031,3236.245,999.999705,-20.08,-2.01,0.99,2.74,0.27,-19.59,-1.96,2198.03,1099.02,0
324,Entry long,2025-09-25 13:00,Long Entry,0.309,3236.245,999.999705,-20.08,-2.01,0.99,2.74,0.27,-19.59,-1.96,2198.03,1099.02,0
325,Exit long,2025-09-26 05:00,Stop Loss,0.2982,3289.473,999.999792,-20.07,-2.01,0.99,6.08,0.61,-19.58,-1.96,2177.96,1088.98,1
325,Entry long,2025-09-26 01:00,Long Entry,0.304,3289.473,999.999792,-20.07,-2.01,0.99,6.08,0.61,-19.58,-1.96,2177.96,1088.98,1
326,Exit long,2025-09-26 13:00,Take Profit,0.3052,3378.378,999.999888,30.07,3.01,1.02,30.58,3.06,-3.88,-0.39,2208.03,1104.01,0
326,Entry long,2025-09-26 13:00,Long Entry,0.296,3378.378,999.999888,30.07,3.01,1.02,30.58,3.06,-3.88,-0.39,2208.03,1104.01,0
327,Exit long,2025-10-01 05:00,Take Profit,0.297,3472.222,999.999936,30.23,3.02,1.02,30.75,3.07,-3.97,-0.40,2238.26,1119.13,0
327,Entry long,2025-10-01 05:00,Long Entry,0.288,3472.222,999.999936,30.23,3.02,1.02,30.75,3.07,-3.97,-0.40,2238.26,1119.13,0
328,Exit short,2025-10-15 01:00,Take Profit,0.4941,1956.947,998.04297,30.13,3.02,0.98,30.62,3.07,-16.15,-1.62,2268.4,1134.20,0
328,Entry short,2025-10-15 01:00,Short Entry,0.51,1956.947,998.04297,30.13,3.02,0.98,30.62,3.07,-16.15,-1.62,2268.4,1134.20,0
329,Exit long,2025-10-29 17:00,Trailing Stop,0.3016,3355.704,999.999792,11.07,1.11,1.01,16.28,1.63,-13.92,-1.39,2279.47,1139.73,0
329,Entry long,2025-10-29 17:00,Long Entry,0.298,3355.704,999.999792,11.07,1.11,1.01,16.28,1.63,-13.92,-1.39,2279.47,1139.73,0
330,Exit long,2025-11-03 05:00,Trailing Stop,0.2618,3875.968,999.999744,13.72,1.37,1.01,18.88,1.89,-0.5,-0.05,2293.19,1146.60,0
330,Entry long,2025-11-03 05:00,Long Entry,0.258,3875.968,999.999744,13.72,1.37,1.01,18.88,1.89,-0.5,-0.05,2293.19,1146.60,0
331,Exit long,2025-11-04 01:00,Trailing Stop,0.246,4132.231,1004.132133,11.39,1.13,1.01,20.16,2.01,-12.9,-1.28,2304.58,1152.29,1
331,Entry long,2025-11-03 21:00,Long Entry,0.243,4132.231,1004.132133,11.39,1.13,1.01,20.16,2.01,-12.9,-1.28,2304.58,1152.29,1
332,Exit long,2025-11-19 21:00,Trailing Stop,0.2379,4237.288,999.999968,7.05,0.70,1,12.21,1.22,-4.74,-0.47,2311.62,1155.81,0
332,Entry long,2025-11-19 21:00,Long Entry,0.236,4237.288,999.999968,7.05,0.70,1,12.21,1.22,-4.74,-0.47,2311.62,1155.81,0
333,Exit long,2025-12-17 21:00,Stop Loss,0.1834,5347.593,999.999891,-20.24,-2.02,0.99,4.85,0.48,-19.75,-1.97,2291.38,1145.69,0
333,Entry long,2025-12-17 21:00,Long Entry,0.187,5347.593,999.999891,-20.24,-2.02,0.99,4.85,0.48,-19.75,-1.97,2291.38,1145.69,0
334,Exit long,2025-12-18 21:00,Stop Loss,0.1706,5780.346,1005.780204,-20.65,-2.05,1,0,0.00,-20.16,-2.00,2270.73,1135.37,0
334,Entry long,2025-12-18 21:00,Long Entry,0.174,5780.346,1005.780204,-20.65,-2.05,1,0,0.00,-20.16,-2.00,2270.73,1135.37,0
335,Exit long,2025-12-24 13:00,Trailing Stop,0.171,5917.159,994.082712,16.75,1.68,1,23.17,2.33,-6.41,-0.64,2287.48,1143.74,1
335,Entry long,2025-12-24 09:00,Long Entry,0.168,5917.159,994.082712,16.75,1.68,1,23.17,2.33,-6.41,-0.64,2287.48,1143.74,1
336,Exit long,2025-12-26 01:00,Trailing Stop,0.1722,5813.953,994.185963,5.98,0.60,1,11.13,1.12,-6.31,-0.63,2293.46,1146.73,0
336,Entry long,2025-12-26 01:00,Long Entry,0.171,5813.953,994.185963,5.98,0.60,1,11.13,1.12,-6.31,-0.63,2293.46,1146.73,0
337,Exit long,2026-01-29 17:00,Take Profit,0.1537,6711.409,999.999941,30.53,3.05,1.02,31.04,3.10,-13.92,-1.39,2323.99,1161.99,0
337,Entry long,2026-01-29 17:00,Long Entry,0.149,6711.409,999.999941,30.53,3.05,1.02,31.04,3.10,-13.92,-1.39,2323.99,1161.99,0
338,Exit long,2026-02-06 05:00,Take Profit,0.1196,8547.008,991.452928,29.76,3.00,1.01,30.27,3.05,-9.04,-0.91,2353.75,1176.88,0
338,Entry long,2026-02-06 05:00,Long Entry,0.116,8547.008,991.452928,29.76,3.00,1.01,30.27,3.05,-9.04,-0.91,2353.75,1176.88,0
339,Exit long,2026-02-10 21:00,Trailing Stop,0.1145,8849.557,999.999941,12.27,1.23,1.01,17.2,1.72,-0.5,-0.05,2366.02,1183.01,0
339,Entry long,2026-02-10 21:00,Long Entry,0.113,8849.557,999.999941,12.27,1.23,1.01,17.2,1.72,-0.5,-0.05,2366.02,1183.01,0
340,Exit long,2026-02-11 09:00,Take Profit,0.1124,9174.311,999.999899,30.18,3.02,1.02,30.69,3.07,-18.85,-1.88,2396.2,1198.10,0
340,Entry long,2026-02-11 09:00,Long Entry,0.109,9174.311,999.999899,30.18,3.02,1.02,30.69,3.07,-18.85,-1.88,2396.2,1198.10,0
341,Exit long,2026-02-12 01:00,Trailing Stop,0.1125,9090.909,1009.090899,12.62,1.25,1.02,17.68,1.75,-18.69,-1.85,2408.82,1204.41,2
341,Entry long,2026-02-11 17:00,Long Entry,0.111,9090.909,1009.090899,12.62,1.25,1.02,17.68,1.75,-18.69,-1.85,2408.82,1204.41,2
342,Exit long,2026-02-19 05:00,Stop Loss,0.1049,9345.794,999.999958,-20.62,-2.06,0.99,8.85,0.88,-20.13,-2.01,2388.2,1194.10,2
342,Entry long,2026-02-18 21:00,Long Entry,0.107,9345.794,999.999958,-20.62,-2.06,0.99,8.85,0.88,-20.13,-2.01,2388.2,1194.10,2
343,Exit long,2026-02-23 09:00,Stop Loss,0.101,9708.737,999.999911,-20.41,-2.04,0.99,9.21,0.92,-19.92,-1.99,2367.79,1183.90,1
343,Entry long,2026-02-23 05:00,Long Entry,0.103,9708.737,999.999911,-20.41,-2.04,0.99,9.21,0.92,-19.92,-1.99,2367.79,1183.90,1
344,Exit long,2026-02-23 21:00,Trailing Stop,0.1015,9900.99,990.099,13.85,1.40,1,19.31,1.95,-0.5,-0.05,2381.65,1190.82,0
344,Entry long,2026-02-23 21:00,Long Entry,0.1,9900.99,990.099,13.85,1.40,1,19.31,1.95,-0.5,-0.05,2381.65,1190.82,0
345,Exit long,2026-02-24 05:00,Trailing Stop,0.0996,10101.01,989.89898,15.16,1.53,1,19.71,1.99,-10.6,-1.07,2396.81,1198.41,0
345,Entry long,2026-02-24 05:00,Long Entry,0.098,10101.01,989.89898,15.16,1.53,1,19.71,1.99,-10.6,-1.07,2396.81,1198.41,0
346,Exit short,2026-03-01 21:00,Take Profit,0.1453,6666.666,999.9999,30.35,3.03,0.98,30.83,3.08,-13.83,-1.38,2427.16,1213.58,0
346,Entry short,2026-03-01 21:00,Short Entry,0.15,6666.666,999.9999,30.35,3.03,0.98,30.83,3.08,-13.83,-1.38,2427.16,1213.58,0
347,Exit long,2026-03-09 01:00,Take Profit,0.1186,8620.689,991.379235,30.03,3.03,1.01,30.54,3.08,-0.5,-0.05,2457.19,1228.59,0
347,Entry long,2026-03-09 01:00,Long Entry,0.115,8620.689,991.379235,30.03,3.03,1.01,30.54,3.08,-0.5,-0.05,2457.19,1228.59,0
348,Exit long,2026-03-26 17:00,Trailing Stop,0.1085,9345.794,999.999958,13.01,1.30,1.01,18.19,1.82,-19.19,-1.92,2470.2,1235.10,1
348,Entry long,2026-03-26 13:00,Long Entry,0.107,9345.794,999.999958,13.01,1.30,1.01,18.19,1.82,-19.19,-1.92,2470.2,1235.10,1
349,Exit long,2026-03-27 01:00,Trailing Stop,0.1105,9259.259,999.999972,22.14,2.21,1.01,27.28,2.73,-0.5,-0.05,2492.34,1246.17,1
349,Entry long,2026-03-26 21:00,Long Entry,0.108,9259.259,999.999972,22.14,2.21,1.01,27.28,2.73,-0.5,-0.05,2492.34,1246.17,1
350,Exit long,2026-03-29 17:00,Trailing Stop,0.1045,9708.737,999.999911,13.56,1.35,1.01,18.92,1.89,-0.5,-0.05,2505.89,1252.95,0
350,Entry long,2026-03-29 17:00,Long Entry,0.103,9708.737,999.999911,13.56,1.35,1.01,18.92,1.89,-0.5,-0.05,2505.89,1252.95,0
351,Exit long,2026-05-15 21:00,Trailing Stop,0.1363,7451.564,1000.745045,13.89,1.39,1.01,18.87,1.89,-10.19,-1.02,2519.79,1259.89,1
351,Entry long,2026-05-15 17:00,Long Entry,0.1343,7451.564,1000.745045,13.89,1.39,1.01,18.87,1.89,-10.19,-1.02,2519.79,1259.89,1
352,Exit long,2026-05-16 13:00,Trailing Stop,0.1322,7621.951,999.9999712,6.62,0.66,1,11.7,1.17,-1.26,-0.13,2526.4,1263.20,0
352,Entry long,2026-05-16 13:00,Long Entry,0.1312,7621.951,999.9999712,6.62,0.66,1,11.7,1.17,-1.26,-0.13,2526.4,1263.20,0
353,Exit long,2026-05-23 01:00,Stop Loss,0.1242,7892.659,999.9998953,-20.72,-2.07,0.99,0.29,0.03,-20.23,-2.02,2505.68,1252.84,0
353,Entry long,2026-05-23 01:00,Long Entry,0.1267,7892.659,999.9998953,-20.72,-2.07,0.99,0.29,0.03,-20.23,-2.02,2505.68,1252.84,0
354,Exit long,2026-05-23 09:00,Take Profit,0.126,8183.306,999.9999932,30.08,3.01,1.02,30.6,3.06,-2.95,-0.30,2535.76,1267.88,0
354,Entry long,2026-05-23 09:00,Long Entry,0.1222,8183.306,999.9999932,30.08,3.01,1.02,30.6,3.06,-2.95,-0.30,2535.76,1267.88,0
355,Exit long,2026-06-02 17:00,Trailing Stop,0.1186,8554.319,999.1444592,14.39,1.44,1.01,19.18,1.92,-0.5,-0.05,2550.15,1275.08,0
355,Entry long,2026-06-02 17:00,Long Entry,0.1168,8554.319,999.1444592,14.39,1.44,1.01,19.18,1.92,-0.5,-0.05,2550.15,1275.08,0
356,Exit long,2026-06-03 13:00,Stop Loss,0.1178,8326.394,999.9999194,-20.14,-2.01,0.99,5.33,0.53,-19.65,-1.96,2530.01,1265.01,2
356,Entry long,2026-06-03 05:00,Long Entry,0.1201,8326.394,999.9999194,-20.14,-2.01,0.99,5.33,0.53,-19.65,-1.96,2530.01,1265.01,2
357,Exit short,2026-06-15 17:00,Trailing Stop,0.1067,9259.259,1000.925898,11.97,1.20,0.99,17.09,1.71,-7.91,-0.79,2541.98,1270.99,0
357,Entry short,2026-06-15 17:00,Short Entry,0.1081,9259.259,1000.925898,11.97,1.20,0.99,17.09,1.71,-7.91,-0.79,2541.98,1270.99,0
358,Exit short,2026-06-20 01:00,Trailing Stop,0.1101,9017.132,999.9999388,6.22,0.62,1,11.22,1.12,-0.5,-0.05,2548.2,1274.10,0
358,Entry short,2026-06-20 01:00,Short Entry,0.1109,9017.132,999.9999388,6.22,0.62,1,11.22,1.12,-0.5,-0.05,2548.2,1274.10,0
359,Exit short,2026-06-21 05:00,Stop Loss,0.1561,6531.678,999.9999018,-20.6,-2.06,1.01,0,0.00,-20.1,-2.01,2527.59,1263.80,0
359,Entry short,2026-06-21 05:00,Short Entry,0.1531,6531.678,999.9999018,-20.6,-2.06,1.01,0,0.00,-20.1,-2.01,2527.59,1263.80,0
360,Exit long,2026-07-28 01:00,Trailing Stop,0.1177,8554.319,999.9998911,5.84,0.58,1,10.62,1.06,-3.07,-0.31,2533.43,1266.72,0
360,Entry long,2026-07-28 01:00,Long Entry,0.1169,8554.319,999.9998911,5.84,0.58,1,10.62,1.06,-3.07,-0.31,2533.43,1266.72,0
361,Exit long,2026-07-29 21:00,Trailing Stop,0.114,8849.557,999.999941,7.85,0.78,1,12.77,1.28,-2.27,-0.23,2541.28,1270.64,0
361,Entry long,2026-07-29 21:00,Long Entry,0.113,8849.557,999.999941,7.85,0.78,1,12.77,1.28,-2.27,-0.23,2541.28,1270.64,0
362,Exit long,2026-07-31 01:00,Trailing Stop,0.114,8849.557,1000.884897,6.96,0.70,1,11.89,1.19,-10.23,-1.02,2548.24,1274.12,0
362,Entry long,2026-07-31 01:00,Long Entry,0.1131,8849.557,1000.884897,6.96,0.70,1,11.89,1.19,-10.23,-1.02,2548.24,1274.12,0
363,Exit long,2026-08-02 05:00,Trailing Stop,0.1151,8904.719,1000.890416,23.03,2.30,1.01,27.99,2.80,-2.28,-0.23,2571.27,1285.63,2
363,Entry long,2026-08-01 21:00,Long Entry,0.1124,8904.719,1000.890416,23.03,2.30,1.01,27.99,2.80,-2.28,-0.23,2571.27,1285.63,2
364,Exit short,2026-08-07 09:00,Trailing Stop,0.119,8223.684,1000.822343,21.21,2.12,0.99,26.64,2.66,-0.5,-0.05,2592.48,1296.24,0
364,Entry short,2026-08-07 09:00,Short Entry,0.1217,8223.684,1000.822343,21.21,2.12,0.99,26.64,2.66,-0.5,-0.05,2592.48,1296.24,0